text,intent,labelIndex,ERNIE(预训练模型),Bi-LSTM(非预训练模型)
查询8月4号，温州到泸州，MU5862航班，,查询航班动态或预订客票,16,查询航班动态,查询航班动态或预订客票
我就想问一下，三月二十五号，ｍｕ零五八七，那个航班去纽约的，,查询航班动态,11,查询航班动态或预订客票,查询航班动态
嗯麻烦请看一下7月1号有没有去台湾的机票，,预订客票,4,预订客票或兑换积分,预订客票
呃我们订的票，需要报销能不能弄个电子发票发给我们，,申请及查询电子发票,40,配送行程单,申请及查询电子发票
啊因为我7月14号订一张机票乌鲁木齐到上海的然后上海到临沂说那张机票已经取消掉了我想问一下怎么退，转人工服务好吗？,办理航班退票,3,人工服务,办理航班退票
票号已经出来然后嗯请票号到登机口直接就可以登机了吧，,咨询登机口问题,56,验证电子客票,咨询登机口问题
我在买的联程联程的机票，这一天，改签那那一程的票为什么不能全退啊，,办理客票改期,2,办理航班退票,办理客票改期
遇老太太做去，行李拿两件行吗？,咨询托运及非托运行李规定,33,办理高龄老人,咨询托运及非托运行李规定
嗯我想订一张机票是今年七月从纽约直飞上海浦东的飞机票，,预订客票或兑换积分,21,验证电子客票,预订客票或兑换积分
帮我查询一下，十七号常州到大连的飞机票，,预订客票或兑换积分,21,预订客票或验证电子客票,预订客票或兑换积分
请帮我查查为什么退票没有退成功，,办理航班退票,3,查询机票退款进度,办理航班退票
我想请问一下我的航班到底改成几点钟了，,查询航班动态,11,办理客票改期,查询航班动态
可以把购票信息发到我的邮箱里吗？,配送行程单,15,申请及查询电子发票,配送行程单
就是信息呢，到新西兰的，航空779航班还有吗？,查询航班动态或预订客票,16,查询航班动态,查询航班动态或预订客票
英国到中国的，国际航班6月15号飞机的情况，,查询航班动态或预订客票,16,预订客票,查询航班动态或预订客票
我想问一下东航最近什么时候开始放票，,预订客票,4,查询航班动态或预订客票,预订客票
我订的机票是二十一号的，到成都的，怎么钱交了没有信息啊，,验证电子客票,12,预订客票,验证电子客票
那个呃退票的时候，出现这个，您已值机，然后没法在线上，退票怎么办呢这个，,办理航班退票,3,取消值机,办理航班退票
我是，我买了6月7号贵阳到中山机场的飞机票，为什么今天发信息来说取消了，,办理客票改期,2,查询航班动态,办理客票改期
给我发票,申请及查询电子发票,40,配送行程单,申请及查询电子发票
唉我订那个票我能能不能在机场那里开发票呀，,配送行程单,15,查询机场或营业部信息,配送行程单
我取消不了小朋友的。你帮我们两直接重新选座可以吗?,办理值机选座,22,取消值机,办理值机选座
我需要办理的业务是我退的，钱还是退到卡里吗，退票之后钱啥时候退掉的，,办理航班退票,3,查询机票退款进度,办理航班退票
嗯怎么没申请退票，,办理航班退票,3,查询机票退款进度,办理航班退票
请问我我们订的是7月29号的航班从匈牙利回上海的，轻压力不打，贝斯回上海的这个航班开吗？,查询航班动态或预订客票,16,查询航班动态,查询航班动态或预订客票
我收到信息说是给我把航班更改成FM9338，,办理客票改期,2,验证电子客票,办理客票改期
我想查询一下呃，从日本飞中国的航班东航现在有哪些航班在飞，,查询航班动态或预订客票,16,预订客票,查询航班动态或预订客票
刚刚给了，南昌到拉萨的一张那个两张机票那个什么时候能够出票，,预订客票,4,验证电子客票,预订客票
想问一下什么时候能飞，马尼拉，,查询航班动态或预订客票,16,查询航班动态,查询航班动态或预订客票
呃我咨询，改分，呃就是说改签日期确定一下有没有改好，,办理客票改期,2,验证电子客票,办理客票改期
我的航班被取消了我需要接那个人工，,人工服务,13,办理客票改期,人工服务
我的手机号码，发生了你改变，我想问一下我怎么样去，在你们的系统里去，更改我的手机号码，,修改客票或会员信息汇总,29,修改会员资料,修改客票或会员信息汇总
嗯我要查询，行，我订的航班，,查询航班动态,11,验证电子客票,查询航班动态
然后在国际预订国内预订，,预订客票或兑换积分,21,预订客票,预订客票或兑换积分
我问你一下子还有什么时间飞往长春的几点钟的，什么日期，有，,查询航班动态,11,预订客票,查询航班动态
对我想问一下我订的那个从那个吐鲁番交河机场到南京的，是是，12月12号下午14点40的那个飞机，我吃的，返程她说取消了我想问一下，这是啥情况，,查询航班动态,11,办理客票改期,查询航班动态
帮我转两张，集团国内，退改签，,办理集团客户业务,75,办理客票改期,办理集团客户业务
就是我买的票啊呃那个登机牌上面没有这个金额但是我回来报账怎么办呢，没有啊，,配送行程单,15,咨询登机牌问题,配送行程单
你好我想我想问一下啊，我们从南宁过来，昆明这一边的，那天二十九号我们的行李来到这边的，那个行李箱，我们是一个团队，一五，五六个行李箱就被破坏了，两个是怎么样现在是怎么处理，,投诉,50,咨询托运及非托运行李规定,投诉
我想那个退票我已经退了两天了也到现在也退不了是什么原因，,办理航班退票,3,查询机票退款进度,办理航班退票
我想问，嗯，关于航班取消的事情，,办理客票改期,2,查询航班动态,办理客票改期
嗯我是想那个我因为我我刚才跟你说了，因为我，飞机飞机，他妈的，那个挺飞了，不是嘛，停飞了他又给我改签了给我改签到九点零五的，到了，九点零五这个航班，我下午已经重新买了一遍了，退款怎么退款呢，,办理航班退票,3,查询航班动态,办理航班退票
服务吗，四月4月16号去上海虹桥飞往潮汕的，,查询航班动态或预订客票,16,特殊服务汇总,查询航班动态或预订客票
我乘民航局的官网上面看到，从6月8号起，上海暂停，作为第一，入境，点了，那我想知道我的航班的，第一，入境，点是哪里，后续是怎么安排的，,办理客票改期,2,查询航班动态,办理客票改期
呃不是我是想问一下，甬港到虹桥机场，是否明天会给慧慧就是有没有就是有没有就是航班，,查询航班动态,11,查询航班动态或预订客票,查询航班动态
找客服找客服找客服，还有一些，怎么，怎么回事啊，机场怎么订的，那么远，,人工服务,13,预订客票或兑换积分,人工服务
我退票的那个什么时候给处理，,查询机票退款进度,6,办理航班退票,查询机票退款进度
请问一下我那个改签那个费用，我订了那个费用然后我就支付那个改签的费用呢，我订的那个费用退不退，,办理航班退票,3,办理客票改期,办理航班退票
嗯你好我在你们的app上面就是呃呃进去哦它说我的姓名啊，真实姓名啊，嗯不匹配，这是怎么回事，,办理网站业务,23,修改会员资料,办理网站业务
你好我问一下，从喀什坐飞机都需要去从喀什坐飞机去乌鲁木齐都需要什么相关手续资料，,咨询乘机规定,59,咨询乘机证件规定,咨询乘机规定
嗯请问一下子我这个订了一个呃，十二月二十九号的，一个东航ｍｕ五六一六，这个航班，因为大部分天气给，延误了，现在就说，我是从哈尔滨到乌鲁木齐的现在因为这个延误的话，我们做，,办理客票改期,2,办理航班退票,办理客票改期
哎你好呃我订了啊，三月十号从温哥华出发去武汉，三月二十三号从武汉出发回温哥华的机票我就想问一下，三月十号的，航班都取消了，没有，,查询航班动态,11,办理客票改期,查询航班动态
帮我查一下洛杉矶到广州有没有看有没有票，现在，东航上，马威，,预订客票,4,验证电子客票,预订客票
呃浦东机场有两个那个窗口，t1是不是一号窗口，,查询航站楼信息,51,查询机场或营业部信息,查询航站楼信息
飞机报销发票,申请及查询电子发票,40,配送行程单,申请及查询电子发票
不是是座位公务舱，,办理客票升舱,72,办理客票改期,办理客票升舱
航班受天气影响，时间调整，,办理客票改期,2,查询航班动态,办理客票改期
"你好,刚买了一张周四8月2日广州至台北的机票,证件是“往来台湾通行证”,也填了证件号,但不知是否选错成了护照",验证电子客票,12,修改客票证件,验证电子客票
我的飞机改签了我怎么办值机，,办理客票改期,2,办理值机选座,办理客票改期
想查一下，我买了，11月2号晚上的票，是不是正正，改签啊，,办理客票改期,2,验证电子客票,办理客票改期
我想问我那个订今天早上那个南京到哈尔滨那个飞机票航班航班取消了呢，,办理客票改期,2,查询航班动态,办理客票改期
一天，期间坐飞机大概需要多长时间，办值机，,办理值机选座,22,咨询乘机时限,办理值机选座
放屁了你，我有一张机票已经申请退票了，麻烦看一下，,办理航班退票,3,查询机票退款进度,办理航班退票
"喂你好我需要那个,嗯,行李就是飞机的订单,就是电子版的",申请及查询电子发票,40,配送行程单,申请及查询电子发票
我忘了在机场打印行程单，有什么办法呢,配送行程单,15,申请及查询电子发票,配送行程单
查一下今天早上七点钟从西安咸阳飞拉萨的飞航班有没有到啊，,查询航班动态或预订客票,16,查询航班动态,查询航班动态或预订客票
你好我想问一下，我们买的团购票，可不可以改签日期，,办理客票改期,2,办理团队业务,办理客票改期
您好我这个机票已那个取消了怎么取消啊,办理航班退票,3,办理客票改期,办理航班退票
"呃就是我那个机票给我那个身份证,对不起错了一个字,要改签",修改客票姓名,27,修改客票证件,修改客票姓名
我想查六月份名古屋到西安的机票，,预订客票或兑换积分,21,预订客票或验证电子客票,预订客票或兑换积分
"推荐,不知道,哎你好我订的就是,曼德勒,呃喂昆明的,我们总共五个人嘛,就是说今天9点20分,呃,昆明飞,盼的了,其中有一个刘福奇的那个护照号码少了一个数字,少了一个数字",修改客票证件,44,修改客票姓名,修改客票证件
"我要查询我那个群,广州,从西安到广州的机票",预订客票,4,验证电子客票,预订客票
啊你好我想问一下就是我原订的5月31号15点35的航班，他现在突然告诉我，延迟到18点40，就是那一班取消了还是什么意思，,办理客票改期,2,查询航班动态,办理客票改期
查询一下，十一点钟到到和田的飞机，,查询航班动态或预订客票,16,查询航班动态,查询航班动态或预订客票
你帮我转那个开票的开那个退票的那个，,申请及查询电子发票,40,办理航班退票,申请及查询电子发票
不正常，行期改退票，,办理客票改期,2,办理航班退票,办理客票改期
机票行程单能不能发给我,配送行程单,15,申请及查询电子发票,配送行程单
卡到期了，,咨询银行联名卡业务,38,会员服务其他,咨询银行联名卡业务
我想查一下呃，我订的这个航班呃有没有，我们的名字，,验证电子客票,12,修改客票姓名,验证电子客票
我想问一下今晚上从邯郸飞往这个上海浦东的机票ｍｕ五四一八，取消了航班，,查询航班动态,11,办理客票改期,查询航班动态
我想问一下我要退签机票退的，这个价位怎么这么少，,办理航班退票,3,办理客票改期,办理航班退票
航班信息查询，谢谢，,查询航班动态,11,查询航班动态或预订客票,查询航班动态
你好我是二十七号的飞机，现在等信息通知我，呃给我改签到二二十九号晚上了，我能不能，嗯是因为什么原因呢，,办理客票改期,2,查询航班动态,办理客票改期
我需要接订票服务的，人工服务，谢谢，,人工服务,13,预订客票或兑换积分,人工服务
托运红酒可以托运多少，,咨询特殊物品运输规定,8,咨询托运及非托运行李规定,咨询特殊物品运输规定
那会员相关问题，人工咨询，,人工服务,13,会员服务其他,人工服务
你好请问你一下，嗯现在是预订期间的，乘飞机需要自己带上健康证明吗？,咨询新冠肺炎防控要求,0,申请健康申明,咨询新冠肺炎防控要求
官网客服,办理网站业务,23,人工服务,办理网站业务
"你们那个官网,我一直登录不上去提示密码错误",办理网站业务,23,修改会员密码,办理网站业务
我先输入成人的信息，系统显示没有此人行程信息,验证电子客票,12,办理网站业务,验证电子客票
我想问我那个换的那个机票那个，本来是买的十二号的票十二号上午九点的，她现在他跟我说是，防一防，一起改改成十四号，但是我十四号，他发了两个短信给我，我买了三张只发了两个人的短信给我，还有一个人的短信没，没收到，我不知道这个是我们要怎么样做，,办理客票改期,2,办理航班退票,办理客票改期
查一下现在机票预订情况，,验证电子客票,12,预订客票或兑换积分,验证电子客票
想查一下航班信息和托运行李的规定，,咨询托运及非托运行李规定,33,查询航班动态或预订客票,咨询托运及非托运行李规定
你好我想查一下我的航班5月14号的航班，,查询航班动态或预订客票,16,查询航班动态,查询航班动态或预订客票
机票退改后的那个发票怎么开呀，,申请及查询电子发票,40,配送行程单,申请及查询电子发票
我问一下，如果是我，取消航班，那这，这边的话是怎么个取消法，但是我的航班是往返我我买的票是往返的票，我已经做了，往往从济南到泸州的机票，然后从郑州到济南，我想取消是怎么个取消法法，,办理航班退票,3,办理客票改期,办理航班退票
婴儿占座，,预订客票,4,咨询占座行李,预订客票
我想咨询一下刚刚我这边显示有一个航班号取消，,查询航班动态,11,办理客票改期,查询航班动态
我没有收到，退票费，,查询机票退款进度,6,办理航班退票,查询机票退款进度
我我买的2月8号的飞机航班取消，是不是改成，2月9号7点55，,办理客票改期,2,查询航班动态,办理客票改期
对你不是4月3号，美国飞上海的东方航空的飞机取消没有航班，,查询航班动态,11,办理客票改期,查询航班动态
牵扯，退票，你发信息，买的机票就是改签了需要退票，,办理客票改期,2,办理航班退票,办理客票改期
嗯我想问一下就是说如果取消的话，嗯，明天就不能起飞了是吧，,查询航班动态,11,办理客票改期,查询航班动态
这段时间有没有去菲律宾马尼拉的机票,预订客票或兑换积分,21,预订客票,预订客票或兑换积分
"嗯,您好,5月30号的时候,我,呃我买了贵阳到墨尔本的票,但是因为我没有去,呃因为那个飞机延误,所以后程的那个,呃呃飞机,我们,航班,我没有乘坐,然后我在那个去哪上申请了退票票,但是已经是一个月了,我的款到现在都还没打,还没有回呢,还没有返回到我的账户",查询机票退款进度,6,办理客票改期,查询机票退款进度
您好我想询问一下货物托运，,咨询货运相关问题,47,咨询托运及非托运行李规定,咨询货运相关问题
我也想，补票怎么补呢，,预订客票,4,咨询候补登机,预订客票
我订了，1月15号到期，机票到南京禄口的，为什么取消掉了，,查询航班动态,11,办理客票改期,查询航班动态
转了转了转了转去，,人工服务,13,办理客票改期,人工服务
你好我的那个航班，那个，我之前退票但是这个航班现在被取消了所以航空公司又自动给我换了一个时间但是我的票是已经退了但是她没有审核通过，,办理航班退票,3,查询机票退款进度,办理航班退票
嗯，请问退机票的款，目什么时候下发，,办理航班退票,3,查询机票退款进度,办理航班退票
嗯我要查询退票信息，,办理航班退票,3,查询机票退款进度,办理航班退票
呃退票，转人工服务，,人工服务,13,办理航班退票,人工服务
唉我那个二号买一张烟台到郑州的机票，就是了，飞机取消了怎么票徊款还没给我退回来呢，,查询机票退款进度,6,办理航班退票,查询机票退款进度
没有，改票，,办理客票改期,2,修改客票或会员信息汇总,办理客票改期
嗯就它上面写的是我买的飞机是自愿零三号4月3号四月也就是四月零三日上海浦东到广元的航班是下午四点半到七点半起飞，他现在说是现有调整调整了，也是四点半到七点半，,办理客票改期,2,查询航班动态,办理客票改期
自助设备在哪些机场有？,查询机场或营业部信息,24,办理网站业务,查询机场或营业部信息
我联系人信息填错了我要更改一下，,修改客票或会员信息汇总,29,修改客票联系方式,修改客票或会员信息汇总
知道了，我还得刷，今天四点四点钟啊，早上六点了，我说我没有，,查询航班动态,11,验证电子客票,查询航班动态
我想查询机票国际的，,预订客票或兑换积分,21,验证电子客票,预订客票或兑换积分
本月月末的机票想查询一下，,预订客票或验证电子客票,45,预订客票或兑换积分,预订客票或验证电子客票
如何打印报销证明,申请及查询电子发票,40,配送行程单,申请及查询电子发票
"是要修改,我本人的名字的拼音",修改客票或会员信息汇总,29,修改会员资料,修改客票或会员信息汇总
为什么，东航的，f，不能修改手机号码，,修改客票或会员信息汇总,29,修改会员资料,修改客票或会员信息汇总
操作一下，查询机票是否申请退款申请成功申请那个退票成功，,办理航班退票,3,查询机票退款进度,办理航班退票
我要更改姓名,修改客票或会员信息汇总,29,修改会员资料,修改客票或会员信息汇总
喂你好是这样那个呃我订的是那个，二月九号那个西安到厦门的航班呃那个航班取消了我那个退款怎么没有退回来，,办理航班退票,3,查询机票退款进度,办理航班退票
因为我们那个机票他说到我们改签，嗯我想问下改签，到底，改签到哪一天，,办理客票改期,2,验证电子客票,办理客票改期
嗯我想查询一下那个从三亚飞牡丹江中转的那个航班，,查询航班动态或预订客票,16,咨询中转相关问题,查询航班动态或预订客票
我6月7号在美团上订那个票是订的是那个东航的好像是做的，四川航空，他这个航班取消了取消了我想问一下这个款怎么付，好者，你们东航帮我改签，,办理客票改期,2,办理航班退票,办理客票改期
我刚刚订了一张那个儿童机票但是好像又怎么没有出票了，,验证电子客票,12,预订客票,验证电子客票
我从网上订的联程的机机票嘛，潜一潜一程，通知我说取消了，后面那一程，是不是也取消了我要重新订吗？,办理客票改期,2,预订客票或兑换积分,办理客票改期
"有一位旅客,他刚做完手术,目前只能平躺着,怎么购买,你们东航的机票呢",办理患病旅客,81,办理担架旅客,办理患病旅客
我要发那个发东西到那个南昌后天中午的航班，,查询航班动态或预订客票,16,查询航班动态,查询航班动态或预订客票
喂我会会员，查一下航班，,查询航班动态,11,查询航班动态或预订客票,查询航班动态
查一下明天丽江到西安的机票,预订客票或兑换积分,21,预订客票,预订客票或兑换积分
喂你好我想退票然后网上做我已值机，没办法，退票，,办理航班退票,3,取消值机,办理航班退票
嗯我的那个呃票那个取那个票订错了应该是，呃上海出发到青岛，我现在订成青岛到上海，但是，我已经选座了我现在想把那个座位选取消，,取消值机,36,取消订座记录,取消值机
嗯我没有那个充电插头就没在家里不需要，你没有处理好了，我要我要我要我要我要出票出票出票出票了，,预订客票,4,咨询特殊物品运输规定,预订客票
我原来在其他那个程序上订的东航的机票现在在那个东航的那个app上，现在是没有积分是吗？,办理网站业务,23,查询积分累积标准,办理网站业务
你好我想问一下我订的那个6月1号那个机票怎么取消了，,查询航班动态,11,查询航班动态或预订客票,查询航班动态
在app上进行的那个后补登记可不可以进行信息修改，,修改客票或会员信息汇总,29,咨询候补登机,修改客票或会员信息汇总
我想修改这个会员这个手机密码，,修改会员密码,26,修改会员资料,修改会员密码
嗯行，电子客票行程单上未免为什么没有显示那个嗯出发日期，,配送行程单,15,查询行程单邮寄进度,配送行程单
请问行程单什么时候可以寄出？,查询行程单邮寄进度,17,申请及查询电子发票,查询行程单邮寄进度
哎我那个订单电话号码能不能修改，,修改客票或会员信息汇总,29,修改客票联系方式,修改客票或会员信息汇总
啊我刚才买的是那个东方航空，怎么变成上海啊，上海航空公司的呀而且还有，我的积分都没有了，,补登积分,39,查询积分,补登积分
呃你好我是改签那个机票呃从十一11月1号11月8号改签到12月28号的确认一下，,验证电子客票,12,办理客票改期,验证电子客票
我想问一下到西班牙的航班有没有了，,查询航班动态或预订客票,16,查询航班动态,查询航班动态或预订客票
我查的，南宁到大连的飞机都取消了吗？,查询航班动态,11,查询航班动态或预订客票,查询航班动态
嗯我需要咨询一下，航线的问题，国际航线，,查询航班动态或预订客票,16,预订客票,查询航班动态或预订客票
我想补订一张儿童票，,预订客票,4,预订客票或兑换积分,预订客票
我查询我有一个大概要高，就是五厘米宽的一个钟，那个画的一个盒子可不可以带上飞机，,咨询托运及非托运行李规定,33,咨询特殊物品运输规定,咨询托运及非托运行李规定
啊我五月5月8号的1点55浦东到那个沈阳的，取消了，我我可以，你们，我可以重新订票吗？,办理客票改期,2,预订客票,办理客票改期
我想问一下7月19号巴黎飞上海呃东方航空公司还能飞吗？,查询航班动态,11,查询航班动态或预订客票,查询航班动态
"我想查询一下那个取消的航班,因为我买的是西安到巴厘岛的,中转,现在车停了",办理客票改期,2,查询航班动态,办理客票改期
就是那个那个，中转航班，如果取消了，第一趟还，要收费，,办理客票改期,2,咨询中转相关问题,办理客票改期
查询一月十七号九三九三航班，,查询航班动态,11,查询航班动态或预订客票,查询航班动态
我想订7月14号上海浦东到深圳宝安机场的机票,预订客票,4,预订客票或兑换积分,预订客票
浦东机场t1航站楼换乘是否需要重新安检，,查询机场或营业部信息,24,咨询安检相关问题,查询机场或营业部信息
飞北京的机票订不了是怎么回事，,预订客票,4,预订客票或兑换积分,预订客票
就我，改机票上的名字报一下，我啊，改期改期改期的，,修改客票姓名,27,办理客票改期,修改客票姓名
喂你好我要退款，因为你们的航班取消，钱还没有退呢，,查询机票退款进度,6,办理航班退票,查询机票退款进度
啊你好问一下就是这个2020年3月26日重庆江北机场飞往无锡硕放的MU2988，是不是航班取消了，,查询航班动态,11,办理客票改期,查询航班动态
刚申请好小飞人一周之前的行程可以积分吗,补登积分,39,查询积分累积标准,补登积分
"诶你好我那个订的是呃昨天那个下午订的那个26号飞那个西双版纳的是从北,北京首都嘛,因为你们都转机嘛,那我现在不去那边了,我想我要去那个那个,常德,能不能改下把这个票,改掉它",办理客票改期,2,办理航班退票,办理客票改期
我就问一下这个票为什么登不了机的问题，,办理值机选座,22,验证电子客票,办理值机选座
鄞州，郑州到银川，这个航班是几点的呀，11点15，那10点15那个是咋说的，,查询航班动态,11,查询航班动态或预订客票,查询航班动态
想查询航班改签，原因，,办理客票改期,2,查询航班动态,办理客票改期
我想了解一下，机场托运都可以托运，哪种物品，,咨询托运及非托运行李规定,33,咨询特殊物品运输规定,咨询托运及非托运行李规定
嗯你好我想查询一下从菲律宾到国内广州的机票，,预订客票或兑换积分,21,预订客票或验证电子客票,预订客票或兑换积分
"就是老人找不到登机口,所以客服建议我申请这个",办理高龄老人,7,办理轮椅旅客,办理高龄老人
现在有飞往悉尼的航班吗？,查询航班动态或预订客票,16,预订客票,查询航班动态或预订客票
喂你好我想那个我那个买了一个那个我之前是从温哥华到呃到青岛的往返的机票但是呃，来的时候是经过上海我已经回到中国了，但是去的时候呢，是啊，二十三号从青岛飞，南京南京飞温哥华但是我现在行程有点改变，我想，,办理客票改期,2,办理航班退票,办理客票改期
你好我想问一下我是在21号做咱们的航班我当时这个航班是改签的，我现在收到的发票只是收到改签那部分的发票了但是我原来那个行程单那个发票，没有，我怎么领取，,配送行程单,15,申请及查询电子发票,配送行程单
查一下四月二十号从南宁到合肥，,查询航班动态或预订客票,16,查询航班动态,查询航班动态或预订客票
那个上海航空公司FM9176航班，原来，22号的改到23号的，没变吧，,办理客票改期,2,查询航班动态,办理客票改期
好，2017年10月7日呃从太谷呃泰国起飞的时间和2017年，嗯，10月8号，到达成都的时间，谢谢，,查询航班动态,11,验证电子客票,查询航班动态
网上办理登机牌，谢谢，,办理值机选座,22,咨询登机牌问题,办理值机选座
哦，我要一个人，过年期间的机票，,预订客票或兑换积分,21,查询航班动态或预订客票,预订客票或兑换积分
请问有没有兑换酸奶的活动,查询积分商城,65,兑换积分,查询积分商城
嗯你好我要查询机票改签情况，,验证电子客票,12,办理客票改期,验证电子客票
我想查询一下首尔到浦东的机票，,预订客票或兑换积分,21,预订客票或验证电子客票,预订客票或兑换积分
他这个机票不是买了，,预订客票,4,验证电子客票,预订客票
不是，我从阿勒泰，买到咸阳的飞机票，你们航班取消了，现在，现在还没退过来，,查询机票退款进度,6,办理航班退票,查询机票退款进度
它需要邮箱，问题是我的邮箱，怎么修改，,修改客票或会员信息汇总,29,修改会员资料,修改客票或会员信息汇总
查询哪一天的航班航班号是多少,查询航班动态,11,验证电子客票,查询航班动态
我我购买的机票已经申请退款了，为什么商家没有处理，,办理航班退票,3,查询机票退款进度,办理航班退票
嗯你好嗯今天然后买了一张，明天六点，就是明天6月5号从中川到北京的机票然后他说嗯就是我是111是，失信人，然后就取消了我想问一下具体情况，,办理客票改期,2,验证电子客票,办理客票改期
我想请问一下，4月4号的飞机，他从曼谷到上海飞飞吗？,查询航班动态或预订客票,16,查询航班动态,查询航班动态或预订客票
嗯怎么修改那个机票的城市，,办理客票改期,2,修改客票或会员信息汇总,办理客票改期
我看到我的积分可以兑换得到一张票，然后我朋友也要买同班次的然后，您看看还有经济舱的没有，,兑换积分,41,预订客票,兑换积分
对就是三个人能不能用一个身份证号码去买，用一个成年人的身份证号码去买，,咨询乘机证件规定,32,预订客票,咨询乘机证件规定
你好请问我买的这个航班，,验证电子客票,12,查询航班动态,验证电子客票
有没有到那个能订到上海的航班，,查询航班动态或预订客票,16,预订客票或兑换积分,查询航班动态或预订客票
诶你好我这个机票改签了，你看，给我查一下子，我21号走，我坐哪趟航班到哈尔滨呢，,办理客票改期,2,验证电子客票,办理客票改期
行遍改签，航变退票，,办理客票改期,2,办理航班退票,办理客票改期
嗯，我的航班信息，嗯有误，,办理客票改期,2,查询航班动态,办理客票改期
我在网上退票，,办理航班退票,3,办理网站业务,办理航班退票
你好我想问一下机票买嗯成功了是不是就正常起飞，有没有存在72%的，呃，25%的可能性啊，,查询航班动态,11,验证电子客票,查询航班动态
呃我想问一下有没有婴儿餐，就是上海到西双版纳的，,申请特殊餐食,55,查询航班餐食,申请特殊餐食
有氧运输，,办理小动物运输,1,特殊服务汇总,办理小动物运输
我想查询一下我的登机牌，,咨询登机牌问题,25,办理值机选座,咨询登机牌问题
"呃我十日的机票成都到呃那个温州的,有台风怎么办",办理客票改期,2,查询航班动态,办理客票改期
嗯我想那个查一下我的航班信息是，改签以后的，又有变动了，,办理客票改期,2,查询航班动态,办理客票改期
"可以,我就是需要给我一个我买这些机票的一个报销凭证",申请及查询电子发票,40,配送行程单,申请及查询电子发票
查询从国内飞伦敦的机票，,预订客票或兑换积分,21,预订客票或验证电子客票,预订客票或兑换积分
你直接这样订机票，嗯转那个人工，,预订客票或兑换积分,21,人工服务,预订客票或兑换积分
上海飞北京，登机要求，健康的要求，,咨询新冠肺炎防控要求,0,咨询乘机规定,咨询新冠肺炎防控要求
给我转人工台，我要订票，,预订客票或兑换积分,21,人工服务,预订客票或兑换积分
嗯查看一下我的退票信息，,办理航班退票,3,查询机票退款进度,办理航班退票
"您好我这个,七号大同到上海的,改期的,这个没有,十七号过来",办理客票改期,2,验证电子客票,办理客票改期
你好我请问一下你们那个航空公司，我以前买了两张票，现在重新订一张，小孩子的票能不能订啊，,预订客票,4,预订客票或兑换积分,预订客票
我想查询一个六月份从武汉到澳洲悉尼的呃机票情况，,预订客票或兑换积分,21,预订客票,预订客票或兑换积分
我想查询，十月份，美国纽约到中国的航班时间，,查询航班动态或预订客票,16,查询航班动态,查询航班动态或预订客票
你好我我要修改一下乘机人，我不小心把新增的人，甜到我，乘机人，上了，我要更改一下乘机人，,修改客票或会员信息汇总,29,办理客票改期,修改客票或会员信息汇总
我想请问一下有没有7月20号从伦敦回中国的票，,预订客票或兑换积分,21,预订客票,预订客票或兑换积分
积分何时过期，,咨询积分过期问题,53,查询积分,咨询积分过期问题
"我在飞猪上面有个那个订单我已经取消了呃,看到了,您现在还没确认",验证电子客票,12,办理网站业务,验证电子客票
我想查询一下十二月二十八号南京飞往昆明的ｍｕ二七三五航班，,查询航班动态,11,查询航班动态或预订客票,查询航班动态
哎呦能不能帮我看一下有没有最近的，从芝加哥到上海的机票，,预订客票,4,预订客票或兑换积分,预订客票
我要最后一次的行程单,申请及查询电子发票,40,配送行程单,申请及查询电子发票
那个我想那个退那个飞机票现在他还没给我受理什么时候可以给我处理啊，,办理航班退票,3,查询机票退款进度,办理航班退票
对就是查询那个机票有没有，你们那里有没有说要，改改改航班啊，都是，是不是诈骗信息啊，我要证实一下，,验证电子客票,12,查询航班动态,验证电子客票
订票,预订客票或兑换积分,21,预订客票,预订客票或兑换积分
我想查MU588，4月8号的航班，,查询航班动态,11,查询航班动态或预订客票,查询航班动态
手机号输入错误可以改正吗？,修改客票或会员信息汇总,29,修改客票联系方式,修改客票或会员信息汇总
嗯我就想就问一下，呃，航班的情况，就是那个，芝加哥美国的芝加哥到太原有多少人，嗯，哪些名单有没有知道的，,预订客票,4,查询航班动态或预订客票,预订客票
请问三月十四号上海飞，鹿儿岛的航班还有吗谢谢，,查询航班动态或预订客票,16,预订客票,查询航班动态或预订客票
你好我要订呃订票方面的业务，,预订客票或兑换积分,21,预订客票,预订客票或兑换积分
七月日帮我确认一下机票是否取消，,查询航班动态,11,验证电子客票,查询航班动态
我现在想那个想改签改签的原因，改不了，但是因为我因为我值过机了，,办理客票改期,2,取消值机,办理客票改期
是的，购买积分嗯，我咋没看见链接，我要买国际机票我要买国际机票，,兑换积分,41,预订客票,兑换积分
嗯就是我在，a，呃app上订的票然后输入同行乘客的身份信息的时候输错了，字，呃想要修改，,修改客票或会员信息汇总,29,修改客票姓名,修改客票或会员信息汇总
不是，购买机票，我问一下我买的机票怎么取消啦，,查询航班动态,11,办理客票改期,查询航班动态
嗯我想咨询一下那个会员卡的事，,会员服务其他,28,查询会员卡卡号,会员服务其他
转人工，过来，退票，,人工服务,13,办理航班退票,人工服务
我要查询，会员号，这个情况我需要的q情况，就是多张变一张我需要，,合并会员卡,91,查询会员卡卡号,合并会员卡
"我有一个退票,信息还未处理",查询机票退款进度,6,办理航班退票,查询机票退款进度
请问一下那个呃更改航班更改航班之后那个更更改成功了，这个款，原来的那个票款怎么退，,办理客票改期,2,办理航班退票,办理客票改期
请问我订的机票怎么呃，明天的飞机票，呃今天刚才刚给我发了个信息怎么给我取消了呢，,办理客票改期,2,查询航班动态,办理客票改期
查询航班动态，转人工服务，,查询航班动态,11,人工服务,查询航班动态
我查询我的退款，,办理航班退票,3,查询机票退款进度,办理航班退票
我说我想问一下我明天的票是9点55分的然后他们给我取取消掉了，,办理客票改期,2,查询航班动态,办理客票改期
"嗯,给密码,呃给年满十二周岁的呃,初中生,购买,嗯飞机票,但是上面显示的是e,不支持户口本儿,这种方式,买票,怎么办",预订客票,4,咨询乘机证件规定,预订客票
那个请帮我核对一下那个护照的信息，,修改客票或会员信息汇总,29,验证电子客票,修改客票或会员信息汇总
那个还还我，机场到盐城的那个六号的票，是不是改到七号了，,办理客票改期,2,验证电子客票,办理客票改期
帮我转，网上客服，,人工服务,13,办理网站业务,人工服务
请问我怎么查里程积分少于1万1的目的地,兑换积分,41,查询积分,兑换积分
就是我订购了ｍｕ五二零七，一月三十一日上海至柳州的航班，机票款是一千八百七十五元被扣了，,办理航班退票,3,预订客票,办理航班退票
哦我的机票什么时候可以退给我，,查询机票退款进度,6,办理航班退票,查询机票退款进度
更换登机人，,修改客票或会员信息汇总,29,办理客票改期,修改客票或会员信息汇总
那个会员会员卡，注册的时候就错了，想想申请注销重新申请，重新注册，,注销会员,79,注册会员,注销会员
您好我想查一下机票5月13号米兰到中国的机票，,预订客票或兑换积分,21,预订客票,预订客票或兑换积分
我说你们这个飞机是不是退票，退后退后，一个一个小时又在起飞了，,办理航班退票,3,查询航班动态,办理航班退票
一直显示在退票中到底是怎么回事啊，,办理航班退票,3,查询机票退款进度,办理航班退票
嗯我想要知道，4月4号，MU738的，,查询航班动态,11,查询航班动态或预订客票,查询航班动态
非自愿改期和退票收服务费吗？,办理客票改期,2,办理航班退票,办理客票改期
***呃你好那个我现在从那个南京去广州就是晚上十点多的，嗯然后我的拿买的时候拿护照买的，现在我要改成身份证的,修改客票证件,44,修改客票或会员信息汇总,修改客票证件
我说北京到广州白云的那个飞机票是不是改时间了,验证电子客票,12,查询航班动态,验证电子客票
我想托运货物，,咨询货运相关问题,47,咨询托运及非托运行李规定,咨询货运相关问题
我要改签我要人工改签，,办理客票改期,2,人工服务,办理客票改期
哎我现在那个能够把飞机票有一个人的名字字写错了现在我改签可以不或者退票，,修改客票姓名,27,办理客票改期,修改客票姓名
"我的积分,客服",查询积分,62,人工服务,查询积分
查一下六月上海飞首尔的机票，,预订客票或兑换积分,21,预订客票或验证电子客票,预订客票或兑换积分
你好请问呃，就是五个一范围内，从新加坡到上海的航班号是多少，,查询航班动态或预订客票,16,预订客票或兑换积分,查询航班动态或预订客票
需要美国飞到上海的机票，,预订客票或兑换积分,21,预订客票,预订客票或兑换积分
请问那个呃，千，5745，消毒时间，可以在飞机上免费托运行李吗，上飞机，东航的飞机，,咨询托运及非托运行李规定,33,咨询特殊物品运输规定,咨询托运及非托运行李规定
嗯你好我不是买那个机票正规那个机票是不是买重买呀，,办理航班退票,3,预订客票,办理航班退票
麻烦帮我查一下4月2号，金边到上海的，MU6760，还直飞吗？,查询航班动态,11,查询航班动态或预订客票,查询航班动态
那个呃，明天8点30，航班取消了没有改签到7点30吗？,办理客票改期,2,验证电子客票,办理客票改期
嗯我想问一下我那个航班取消退退款退票款什么时候能到，,办理航班退票,3,查询机票退款进度,办理航班退票
嗯我订了机票想确认一下，婴儿能不能顺利的上飞机，,验证电子客票,12,咨询乘机规定,验证电子客票
请问六月份的飞机，每天都能飞吗，多伦多飞上海的，,查询航班动态或预订客票,16,预订客票,查询航班动态或预订客票
你好我问一下，现在从日本飞往大连呢，最近的航班是哪一天，,查询航班动态或预订客票,16,预订客票或兑换积分,查询航班动态或预订客票
改期的证明，,办理客票改期,2,配送行程单,办理客票改期
"呃我想问一下,咸阳到张家界的飞机,就是,九点半的那一趟,我能不能呃,是今天,有没有那个呃延延机",查询航班动态,11,办理客票改期,查询航班动态
机票改哦不机票退退票，,办理航班退票,3,办理客票改期,办理航班退票
今天飞呃昆明飞湛江的还有没有票,预订客票,4,预订客票或兑换积分,预订客票
啊我想那个人工客服修改那个信息，,修改客票或会员信息汇总,29,人工服务,修改客票或会员信息汇总
诶你好我我有一张有个机票改签了，只有一个人成功了，然后有另外两个，嗯在取票的时候说没有成功，,办理客票改期,2,验证电子客票,办理客票改期
怎样确认8.4的里程积分,查询积分,62,补登积分,查询积分
请问我的发票给我邮过来，,配送行程单,15,查询行程单邮寄进度,配送行程单
呃6月21号从西安到揭阳的飞机票怎么取消了是怎么回事啊，,查询航班动态,11,办理客票改期,查询航班动态
诶你好我想问一下就是4月14号的，因为昨天晚上我又存了一个关于美洲的时候，从国外航班飞到国内只有一班嘛然后我想问一下这个，10月14号的，这个航班有没有被取消，其实不是，到上海的直飞的航班有没有被取消，,查询航班动态,11,办理客票改期,查询航班动态
我要订香港的是那个飞机票，,预订客票或兑换积分,21,预订客票,预订客票或兑换积分
人工服务，积分，,人工服务,13,会员服务其他,人工服务
登机需要需要的一些，,咨询乘机规定,59,办理值机选座,咨询乘机规定
我要转接人工，查询航班，,人工服务,13,查询航班动态或预订客票,人工服务
呃，就是就是，呃那个有你们发信息来给我们说那个呃车里边那个飞机票已经改了，那么我想问的是就是呃，已经从6点20改到一点半了吗，还是没有改，只是通知我们然后让我们决定要不要改，那种，,办理客票改期,2,验证电子客票,办理客票改期
查询机票已经改签退了的怎么今天还收到登机的通知，,办理客票改期,2,验证电子客票,办理客票改期
嗯那个我需要拿之前的登机牌,办理值机选座,22,咨询登机牌问题,办理值机选座
咨询一下，马来西亚吉隆坡回到中国的，机票几号有，,预订客票,4,预订客票或兑换积分,预订客票
我要咨询，申请银卡的事，,查询会员升级或保级,70,注册会员,查询会员升级或保级
"嗯。。改签之后,行程单怎样打印",申请及查询电子发票,40,配送行程单,申请及查询电子发票
修改订单信息，烦不烦，,修改客票或会员信息汇总,29,查询订单,修改客票或会员信息汇总
我要变更，小飞人的姓名，,修改会员资料,14,修改客票或会员信息汇总,修改会员资料
"你好,我想预定一下机票从。沈阳到广州,然后,我不知道现在里程积累有多少,如果里程不够,是不是可以。补一下差价。谢谢",兑换积分,41,补登积分,兑换积分
更换绑定卡号的手机号，,修改客票或会员信息汇总,29,修改会员资料,修改客票或会员信息汇总
我买的，硕放机场到西安咸阳的飞机到现在都没有出，航班是咋回事，,查询航班动态,11,查询航班动态或预订客票,查询航班动态
港澳通行证已经取消值机是不是在南航航空航空公司更改更改姓名，名，,修改客票姓名,27,修改客票或会员信息汇总,修改客票姓名
嗯换票或者是退票业务，,办理航班退票,3,办理客票改期,办理航班退票
他说物品的规定，,咨询托运及非托运行李规定,33,咨询特殊物品运输规定,咨询托运及非托运行李规定
，长春到上海的话需要提前填写什么，健康申请卡吗？,申请健康申明,49,咨询新冠肺炎防控要求,申请健康申明
MU5375，可以带小孩吗？,预订客票,4,人工服务,预订客票
我的登機牌不見了要如何申請,办理值机选座,22,咨询登机牌问题,办理值机选座
我，我叫罗军，我买了6月12号一个航班从连云港飞重庆的现在我人现在我现在从南从连云港到南京的这个航班是正常的，没，取消但是从南京到重庆的航班，呃呃，2892，已经取消了，,办理客票改期,2,查询航班动态,办理客票改期
"我这边呃东航的那个,贵宾卡的号忘掉了,我现在就想想想通过网上办那个登机牌办了",办理值机选座,22,查询会员卡卡号,办理值机选座
查一下我改签的航班，,办理客票改期,2,查询航班动态,办理客票改期
查询一下，煲机，是否为真，,预订客票,4,验证电子客票,预订客票
航班还没有收到短信,验证电子客票,12,查询航班动态,验证电子客票
上海到那个越南的航班什么时候开通，,查询航班动态或预订客票,16,预订客票,查询航班动态或预订客票
怎么办理那个就是那个，已值机，那个，在手机上已经设置了，那个已值机然后我们现在要改签需要把那个取消了，,办理客票改期,2,取消值机,办理客票改期
那个申请开发票的问题,配送行程单,15,申请及查询电子发票,配送行程单
哦，没有我就是说那个我订我订了昨天的航班取消了我在手机上改签，然后叫你帮我查一下看有没有改到，,验证电子客票,12,办理客票改期,验证电子客票
嗯我想问一下我先订了一张机票嗯办的有那个托运行李的，后面，我改签了之后，,办理客票改期,2,咨询托运及非托运行李规定,办理客票改期
"您好我这个航空的那个呃机票上面的那个身份证上打错了一个字,这个连",修改客票证件,44,修改客票姓名,修改客票证件
就是我没有身份证了，就是，怎么买票，,咨询乘机证件规定,32,预订客票,咨询乘机证件规定
他是尊敬的，马嘉欣，旅客我们抱歉的通知你由于疫情影响，您订的2020年4月26号乌鲁木齐的乌堡飞机飞往昆明长水，5562，航班取消，请你尽快确认您的行程，如有改期或退票，你可以通过东方航空航空app，查询，,办理客票改期,2,办理航班退票,办理客票改期
嗯。电子行程单,申请及查询电子发票,40,配送行程单,申请及查询电子发票
嗯帮我查一下4月9号，温州到武汉，早上7点40的航班有没有，,查询航班动态或预订客票,16,查询航班动态,查询航班动态或预订客票
后面，那个叫里查那个，要不，要不，再往后，推一天，,办理客票改期,2,查询航班动态,办理客票改期
查询二十三号的退呃，一月三十号的，退票信息，,办理航班退票,3,查询机票退款进度,办理航班退票
国内机票退，转人工，,人工服务,13,办理航班退票,人工服务
我想问一下我们一月八号的早上七点的航班是不是改签了，,验证电子客票,12,办理客票改期,验证电子客票
呃您好那个我预订的今天晚上那个啊今天下午五点左右从香港飞昆明长水的那个机票我们同乘的有三个人的麻烦您，有个小朋友小朋友能不能提前帮我们提前在网上帮我们做下值机,办理值机选座,22,预订客票或兑换积分,办理值机选座
嗯我的机票昨天那个是那个墨尔本直飞上海的那个，4月4号的，现在已经取消了然后那个航班取消了现在我那个昨天因为你们相关的政策没有出来，我，所以我退票了现在我想改成改签可以吗？,办理客票改期,2,办理航班退票,办理客票改期
我商城积分兑换的订单什么才能到啊,查询积分商城,65,兑换积分,查询积分商城
啊咨询行程单配送业务，因为，我就要查一下我的行程单的单号是多少，,查询行程单邮寄进度,17,配送行程单,查询行程单邮寄进度
我是，身份证丢了想用护照登机，,咨询乘机证件规定,32,修改客票证件,咨询乘机证件规定
喂你好可以跟那个一个我改张票的名字跟身份证号码可以改吗？,修改客票姓名,27,修改客票或会员信息汇总,修改客票姓名
呃那个退票，超过了时间，那差，已经三周了，什么时候退，大概，,查询机票退款进度,6,办理航班退票,查询机票退款进度
嗯修改账户邮箱，,修改会员资料,14,修改客票或会员信息汇总,修改会员资料
就是那个4月8号温州飞武汉的早上七点多的飞机是不是改改成晚上的了，,办理客票改期,2,查询航班动态,办理客票改期
你好我想问一下那个呃，咋死的，那行李可以带上飞机吗？,咨询托运及非托运行李规定,33,咨询特殊物品运输规定,咨询托运及非托运行李规定
我想换票，,兑换积分,41,办理客票改期,兑换积分
我现在没有超过，但是我我我想的是能够能不能尽快退我的那个钱，因为我们现在那个呃预算的话，可能比较紧张，那个机票如果不能及时退的话可能会打乱我们的计划，知道吧，,办理航班退票,3,查询机票退款进度,办理航班退票
"我等一下,查询航班",查询航班动态,11,查询航班动态或预订客票,查询航班动态
我在网上买的票然后身份证掉了，,咨询乘机证件规定,32,查询遗失物品,咨询乘机证件规定
我订的机票，咋说，嗯11月11日订的机票，咋说，怎么灰机取消了啊，,查询航班动态,11,办理客票改期,查询航班动态
嗯我要报销，嗯，由于航班改签不了，现在发送不了，呃其他东西，呃申请，查票号，,办理客票改期,2,配送行程单,办理客票改期
查询，飞美国的航班，人工服务，,人工服务,13,查询航班动态或预订客票,人工服务
婴幼儿订票，,预订客票或兑换积分,21,预订客票,预订客票或兑换积分
嗯是这样的嗯我已经点了，这个，忘记密码但是显示出来的那个，电话号码和邮箱都是错误的，我想修改一下，请问在什么地方，可以修改，,修改会员资料,14,修改客票或会员信息汇总,修改会员资料
嗯我订的航班被调整了，呃，想落实一下怎么回事，,办理客票改期,2,查询航班动态,办理客票改期
我要查上海飞罗马的机票，,查询航班动态或预订客票,16,预订客票或兑换积分,查询航班动态或预订客票
请帮我转接人工服务，我有有关会员卡的问题，,人工服务,13,会员服务其他,人工服务
我要查三月份的飞机票，,验证电子客票,12,预订客票或验证电子客票,验证电子客票
等一下，你好我订的是9月23号从云南大理飞到西双版纳的航班，嗯第二程是17点55，在昆明长水机场起飞的，我刚才收到一个信息说是这个航班取消了是吗？,查询航班动态,11,办理客票改期,查询航班动态
我的飞机票我买的飞机，那是怎么回事，我买是3月20号的，他告诉我，停飞了要给我改成，3月21号的，一停飞了但是我现在查了一下，以后是10月20号的也有，,办理客票改期,2,办理航班退票,办理客票改期
我不需要到那个航空公司那里去买吗，直接到官网买就可以了吗？,预订客票,4,办理网站业务,预订客票
"我想查询一下,一个例子,订单记录",验证电子客票,12,查询订单,验证电子客票
诶你好请问一下，的飞机都可以携带什么吗？,咨询特殊物品运输规定,8,咨询托运及非托运行李规定,咨询特殊物品运输规定
我要修改一个嗯联系方式，,修改客票或会员信息汇总,29,修改客票联系方式,修改客票或会员信息汇总
"我想问一下我,够了,25号的从南京到鄂尔多斯的这个飞机票已经已经这个买了已经购票成功了在现在我看到这个同一班航空,他有打折又打折便宜了好多,我在想我能不能同一个航班退掉之后再重新订",办理航班退票,3,预订客票,办理航班退票
天津，可以打印行程单吗？,配送行程单,15,查询机场或营业部信息,配送行程单
你好我想问一下我是嗯，国外去，嗯就是去年就是呃十十二月份回来的，十二月份回来，因为这个月清了，我出不去嘛，但是我机票呃，一直都是没有改的，,办理客票改期,2,办理航班退票,办理客票改期
"我是济宁的,哈尔滨的,乘客,飞机晚点了,我们要说法",投诉,50,办理客票改期,投诉
"呃您好我这边有,十几个人,机票想退,我想问一下,该怎么办",办理航班退票,3,办理团队业务,办理航班退票
咨询飞机上可以携带的物品，,咨询托运及非托运行李规定,33,咨询特殊物品运输规定,咨询托运及非托运行李规定
我想查询一下，西宁到西安要多久，,查询航班动态或预订客票,16,查询航班动态,查询航班动态或预订客票
人家，电子报销凭证，,申请及查询电子发票,40,配送行程单,申请及查询电子发票
我要更改机票，帮我转接人工谢谢，,人工服务,13,办理客票改期,人工服务
我明天有一个航班腾冲到昆明的，怎么起，延误了，,办理客票改期,2,查询航班动态,办理客票改期
从温哥华到上海有没有机票，,预订客票,4,预订客票或兑换积分,预订客票
喂您好我订的那个机票明天去香港的早上十点十分的那一班航班号是ｍｕ二零八，我现在要取消，因为台风的原因我怕明天飞不了，,办理客票改期,2,办理航班退票,办理客票改期
我想提前取机票，,办理值机选座,22,咨询乘机时限,办理值机选座
我需要查询一下一个成人最多能带几位儿童登机，,咨询乘机规定,59,咨询特殊物品运输规定,咨询乘机规定
改签成功了吧，,办理客票改期,2,验证电子客票,办理客票改期
唉，你好请问现在呃因为是一天时间嘛然后买的是十九号二十号的票，嗯从我们老家，宝山坡了，你是宝山到昆明然后再转机到杭州萧山那个机票能退吗退的话能退要不要手续费啊，,办理航班退票,3,办理客票改期,办理航班退票
我，我们二号6点45的航班是不是改时间了，,查询航班动态,11,办理客票改期,查询航班动态
请问一下登机牌可以补打吗用来报销的，,配送行程单,15,咨询登机牌问题,配送行程单
就是你那个给我改了，支付的话，我八点钟赶不到，唉那这个，只能够，我我我就不能够那个了只能退退票的话，因为你，把那个时间提前了的话那我这个退票是不是还还要你说的手续费啊，,办理航班退票,3,办理客票改期,办理航班退票
健康嘛，在哪填，,申请健康申明,49,咨询新冠肺炎防控要求,申请健康申明
嗯我就是问一下就是，现在要回老家，嗯我订了两张，一张，回老家的一张，然后在克拉玛依的，然后我就问一下嗯就是需要需要需要办什么证件，补补，到时候，,咨询乘机证件规定,32,咨询新冠肺炎防控要求,咨询乘机证件规定
帮我问一下6月1号从首尔到烟台机场的飞机飞不飞啊，,查询航班动态或预订客票,16,查询航班动态,查询航班动态或预订客票
托运违章品种,咨询特殊物品运输规定,8,咨询托运及非托运行李规定,咨询特殊物品运输规定
你好我想查一下今天从西安咸阳机场飞，伊金霍洛旗，下午14点45那趟飞机是不是改时间了，,查询航班动态,11,办理客票改期,查询航班动态
那个退积分，,会员服务其他,28,兑换积分,会员服务其他
我想问一下帮我改签了明天早上八点二十五的机票改了没，,验证电子客票,12,办理客票改期,验证电子客票
乌鲁木齐的，一情，现在是否影响航班，,查询航班动态,11,咨询新冠肺炎防控要求,查询航班动态
帮我寄一下我退票和改签的那个，会员单，,办理客票改期,2,配送行程单,办理客票改期
成都航空，需要提供什么证明吗？,咨询新冠肺炎防控要求,0,咨询乘机规定,咨询新冠肺炎防控要求
就是我订了三月三月3月28号，沈桂林，以为，请两个人，我从南京飞往乌鲁木齐的，上面，我现在收到一个短信说这个航班，帮我们取个，航班取消航班取消航班取消，真的吗？,查询航班动态,11,办理客票改期,查询航班动态
"哦,帮我找客服订,客服",人工服务,13,预订客票或兑换积分,人工服务
您好我想询问关于明天飞上海的机票，,预订客票或兑换积分,21,办理航班退票,预订客票或兑换积分
人工国内改签，转人工，,人工服务,13,办理客票改期,人工服务
嗯是这样的嗯我儿子呢，她十五号呢，呃呃，回兴，呃回那个，澳大利亚，回去的时候，他奶奶的，来回往返机票，现在呢，呃根据国家的呃，他们那里的雨停啊，就是雨停的关系，他在那里要隔离十四天十四天呢，他这个25号的票子，他就回不来了，所以25号的机票呢要退掉，,办理航班退票,3,办理客票改期,办理航班退票
你好，我想查询我改完的机票呃，改好了，机票，我还没收到email，,办理客票改期,2,验证电子客票,办理客票改期
嗯我的那个我想看一下我那个，就是现在，航班动态，是啥，刚刚我收到短信说是呃改其他自动给我改签了，我不知道为啥，,办理客票改期,2,查询航班动态,办理客票改期
查一下吧，三，二月三号的长春飞往东京的那个航班，,查询航班动态,11,查询航班动态或预订客票,查询航班动态
身份证绑定，,修改客票或会员信息汇总,29,修改会员资料,修改客票或会员信息汇总
我想咨询，二十，明天啊后天的早晨的温州到广州的机票，,预订客票或兑换积分,21,预订客票,预订客票或兑换积分
呃你好我前两天买的那个今天的航班，我看，取消掉了，怎么，那我现在的话怎么能补上票钱也没有退回来呀，,查询机票退款进度,6,办理客票改期,查询机票退款进度
想了解一下上海到伦敦的托运货物的价格是多少，,咨询托运及非托运行李规定,33,咨询货运相关问题,咨询托运及非托运行李规定
我要查询，上海，呃吉隆坡飞往上海的机票，,预订客票或兑换积分,21,预订客票,预订客票或兑换积分
不是一四，我从衡阳坐到上海，航空九号的航空班飞机，我叫他开个发票，他六百块钱他只给我开了84块钱，航空机票发票没开，,配送行程单,15,申请及查询电子发票,配送行程单
我想问一下就是我积分兑换发票，呃兑换那个机票行程单上有没有金额，,配送行程单,15,兑换积分,配送行程单
"已经办理完登机,呃,过了安检之后,如果不想,就是有事儿,不想坐飞机了,那么还可以,呃退票吗或者是改签吗",办理客票改期,2,取消值机,办理客票改期
哦，你就说今天十二点飞往上海，墨尔本的飞机，客人能刷能登机吗？,查询航班动态,11,验证电子客票,查询航班动态
诶你好我想查一下那个我那个是十11月12号嗯从咸阳机场飞往珠海的航班号是多少，,查询航班动态,11,验证电子客票,查询航班动态
没回答我的问题，我是退票后，税费，一直没给我退回来，,办理航班退票,3,查询机票退款进度,办理航班退票
我想问一下我的这个航班我想退票，他不能因为是以前的，发票免费退票吗？,申请及查询电子发票,40,办理航班退票,申请及查询电子发票
我想改退机票，,办理客票改期,2,办理航班退票,办理客票改期
对我要查询一下我的机票然后不是那个航班取消了吗然后现在给我查询一下就是八点过十分到这个西安咸阳机场的机票有没有改签成功，,验证电子客票,12,办理客票改期,验证电子客票
嗯，身份证件有问题，,咨询乘机证件规定,32,修改客票或会员信息汇总,咨询乘机证件规定
查询网络订票，,预订客票或兑换积分,21,预订客票,预订客票或兑换积分
是的，没错，退里程换的那张。,办理航班退票,3,兑换积分,办理航班退票
您好我想问一下6月12号伦敦飞上海的机票有没有变化，,查询航班动态,11,验证电子客票,查询航班动态
嗯你好我想问一下就我之前订的明天早上呃8点20从昆明长水机场飞往深圳宝安机场的，怎么又给我，那个改现在给我退了呢，,办理航班退票,3,办理客票改期,办理航班退票
查订单票，,查询订单,58,验证电子客票,查询订单
取消是什么意思呀，航班取消，什么意思，,查询航班动态,11,办理客票改期,查询航班动态
我预订的飞机票怎样取票,申请及查询电子发票,40,配送行程单,申请及查询电子发票
航班被退了要怎么办，,办理航班退票,3,办理客票改期,办理航班退票
我的那个飞机订单我怎么查不到，,验证电子客票,12,查询订单,验证电子客票
机票，需要ｏｐｅｎ一下，,办理客票改期,2,办理网站业务,办理客票改期
喂你好，我今天办的是今天晚上的飞机，给我改签到今天早上9点40现在办不了值机，,办理客票改期,2,办理值机选座,办理客票改期
航班改签啊航班取消退票，,办理航班退票,3,办理客票改期,办理航班退票
我的票是不是改退票状态，,办理客票改期,2,查询航班动态,办理客票改期
需要提前四个小时值机吗？,办理值机选座,22,咨询乘机时限,办理值机选座
东方万里行会员积分，登录不上去，,会员服务其他,28,补登积分,会员服务其他
呃改签机票，bing，修改姓名，,修改客票姓名,27,修改客票或会员信息汇总,修改客票姓名
喂你好就是说我问一下我6月8号的就是说从那个长水机场到那个温州龙湾的11点40到两点35的这个票，嗯，我是去哪儿网上面购买的，我现在要怎样，把他航班已经取消了，我要怎样，呃处理，,办理客票改期,2,验证电子客票,办理客票改期
嗯查询一下就是5月5号呃从芝加哥奥黑尔到上海的浦东机场的机票呃我现在官网上找不到了，呃，具体想咨询一下是取消了吗还是怎么怎么个退票，,办理航班退票,3,验证电子客票,办理航班退票
"我想问一下那个,飞机,什么时候可以值机,啊,延误到什么时间",查询航班动态,11,办理值机选座,查询航班动态
嗯我想咨询，出行情况，请求人工服务，,人工服务,13,查询航班动态或预订客票,人工服务
嗯为什么那个航班，付了钱然后嗯又取消了航班，,办理客票改期,2,查询航班动态,办理客票改期
同期的一个老人，他的那个轮椅能不能上飞机，问一下，,办理轮椅旅客,42,咨询特殊物品运输规定,办理轮椅旅客
呃麻烦查一下日本到东京到中国上海的航班，,查询航班动态或预订客票,16,预订客票,查询航班动态或预订客票
转人工投客服投诉，,投诉,50,人工服务,投诉
查询俄罗斯航班，,查询航班动态或预订客票,16,预订客票,查询航班动态或预订客票
我去，天天，申请退票的，一直受理中，,办理航班退票,3,查询机票退款进度,办理航班退票
打电话给我们，退行程单给你这个证件的，六百公斤，,配送行程单,15,申请及查询电子发票,配送行程单
我的账号，我也找不着了把我的账号能不能打给我一下，,会员服务其他,28,查询会员卡卡号,会员服务其他
"哦,酒窝,非这个鄂尔多斯了,9255,晚点一个小时,你们那个航空公司,给我们一个什么交代没有",投诉,50,办理客票改期,投诉
你帮我查一下一月三号宁波到河南信阳明港的机票，,预订客票,4,预订客票或验证电子客票,预订客票
我是，查询航班取东航航班取消，能，然后，,办理客票改期,2,查询航班动态,办理客票改期
"您好,查询,航班",查询航班动态,11,查询航班动态或预订客票,查询航班动态
我想问一下，六月份从伦敦回国内的航班计划出来了没有，,查询航班动态或预订客票,16,预订客票,查询航班动态或预订客票
我要查一下我的航班取没取消，转一下人工服务，,人工服务,13,查询航班动态,人工服务
我咨询一下那个航班还在不在，就是纽约那个啊，日本东京成田飞上海的，,查询航班动态或预订客票,16,查询航班动态,查询航班动态或预订客票
订票出票，,预订客票,4,预订客票或兑换积分,预订客票
"我我我那个我那个订订去上海的那个票那个名字打,今天打算,一个字,这边求都在这边,求出票了怎么弄",修改客票姓名,27,预订客票或兑换积分,修改客票姓名
你好我是，我昨天，航班被改签过，今天好像飞机又取消了，我想再确认一下我的航班，,查询航班动态,11,办理客票改期,查询航班动态
我能不能取消下值机,取消值机,36,办理值机选座,取消值机
嗯查一下改签信息，,办理客票改期,2,验证电子客票,办理客票改期
我想查一下明天早上八点二十从泸州到昆明的航班，,查询航班动态或预订客票,16,查询航班动态,查询航班动态或预订客票
我积分商城买的东西付不了宽,查询积分商城,65,兑换积分,查询积分商城
哦，请帮我订一张儿童票，,预订客票或兑换积分,21,预订客票,预订客票或兑换积分
嗯我是说我的这个航班日期我不是买了3月31号的航班吗，嗯，我发信息给我说是改签到4月1号，这个信息真的还是假的，,办理客票改期,2,验证电子客票,办理客票改期
航班改期，想证实一下，,办理客票改期,2,验证电子客票,办理客票改期
嗯刚才就是你们东方航空公司，打电话给我，是不是要确认明天的航班，,验证电子客票,12,查询航班动态,验证电子客票
我要核实五月份的机票，,验证电子客票,12,预订客票或兑换积分,验证电子客票
我刚才订你们那个那个，双十二，那个那个国际机票他订完了以后支付就支付不了怎么回事，,预订客票或兑换积分,21,预订客票,预订客票或兑换积分
你想我想查一下那个西安咸阳国际机场东方航空公司，那个货厂在什么地方，,查询机场或营业部信息,24,咨询货运相关问题,查询机场或营业部信息
儿童票怎么换登机牌，没有身份证怎么换登机卡，,咨询登机牌问题,25,咨询乘机证件规定,咨询登机牌问题
你跟我讲，东，,人工服务,13,申请健康申明,人工服务
积分累积，哪里能够查到，,查询积分,62,查询积分累积标准,查询积分
你就是六号不是晚上从西安咸阳机场到和田的，,验证电子客票,12,查询航班动态或预订客票,验证电子客票
嗯你好我想问一下，一起七天，他这个退改票要怎么退，,办理航班退票,3,办理客票改期,办理航班退票
哎，对改签，跟兑换，在改签中，现在又要登机了，赶紧给我弄一下，,办理客票改期,2,兑换积分,办理客票改期
机票预定国际机票预订，,预订客票或兑换积分,21,预订客票,预订客票或兑换积分
退票或改期，,办理客票改期,2,办理航班退票,办理客票改期
我刚刚改签机票了，我什么时候可以收到，确认短消息啊，,办理客票改期,2,验证电子客票,办理客票改期
"我建议你们直接取消提前选座的这个功能,免得让旅客不愉快",投诉,50,取消值机,投诉
你好我要，入境，查航班，,查询航班动态或预订客票,16,咨询新冠肺炎防控要求,查询航班动态或预订客票
购买机票的，转人工服务，,人工服务,13,预订客票,人工服务
那个我我想把那个联系人更换一下，怎么更换，,修改客票或会员信息汇总,29,修改客票联系方式,修改客票或会员信息汇总
喂你好请问一下那个27号晚上南京禄口到那个珠海的机票是不是已经改签了，,验证电子客票,12,办理客票改期,验证电子客票
我要想了解航班，,查询航班动态或预订客票,16,查询航班动态,查询航班动态或预订客票
你不是说那个票款，占座，就可以到账的吗，现在已经已经有三周了，,查询机票退款进度,6,咨询占座行李,查询机票退款进度
我有一个航班他取消了现在要乘坐信用卡他叫我打电话过来确认，,咨询银行联名卡业务,38,办理客票改期,咨询银行联名卡业务
查不到航班,查询航班动态或预订客票,16,查询航班动态,查询航班动态或预订客票
我想查一下我的航空公司的航班，,查询航班动态,11,验证电子客票,查询航班动态
嗯您好您能帮我查一下呃，长长春龙嘉机场的客客服电话吗？,查询机场或营业部信息,24,人工服务,查询机场或营业部信息
"昂克,物品怎么拿回来",查询遗失物品,34,查询积分商城,查询遗失物品
懒得改，我已经买了你们东航的票子，但是我因为身体的原因，那我我是改要改签了，那么我想问问，我改签了，以后假如还不能去，我退票，还要不要，退票费，啊什么，这个政策是什么？,办理航班退票,3,办理客票改期,办理航班退票
嗯哎你好我想查询一下那个5月8号济南飞上海的机票，,预订客票或兑换积分,21,预订客票或验证电子客票,预订客票或兑换积分
嗯我想问一下户口本能上飞机吗？,咨询乘机证件规定,32,咨询特殊物品运输规定,咨询乘机证件规定
就是那个信用卡，会不会，你在这里买的，客户，我我想问一下，我们到上海以后，嗯，会不会和餐检查和隔离，,咨询新冠肺炎防控要求,0,咨询银行联名卡业务,咨询新冠肺炎防控要求
"我购买的婴儿票为什么还没有,回的短信,支付,已经完了为什么没有",验证电子客票,12,预订客票,验证电子客票
现在ｍｕ五四零九，在哪个航站楼办登机牌，,查询航站楼信息,51,咨询登机牌问题,查询航站楼信息
我想要改名，呃改签，,办理客票改期,2,修改客票姓名,办理客票改期
嗯就是西安咸阳，呃道，嗯新疆喀什的那个班机呃时间是，嗯，航班是多少，我订的，赵军，附近的，,查询航班动态,11,验证电子客票,查询航班动态
收了钱，完成了行程，还要等一个月后才给invoice?,申请及查询电子发票,40,验证电子客票,申请及查询电子发票
"嗯就是这个,智能的,嗯他这个乘机人的乘机人的姓名,还有这个,证件号码修改,是无法修改的,对吧嗯,那他那,航空公司有没有这方面的这个全球政策",修改客票姓名,27,修改客票或会员信息汇总,修改客票姓名
不是我是要查询，二月五号，ｆｍ九一三七的航班，,查询航班动态,11,查询航班动态或预订客票,查询航班动态
我想更改号码电话号码，,修改客票或会员信息汇总,29,修改客票联系方式,修改客票或会员信息汇总
查询，机票名字是否正确，,验证电子客票,12,修改客票姓名,验证电子客票
平时的机票怎么预订，,预订客票,4,预订客票或兑换积分,预订客票
查机票，我，我买好的，我是，查明天的机票，会不会正常，,验证电子客票,12,查询航班动态,验证电子客票
您好我买了3月30号从东京呃飞昆明的机票是在上海中转的，但是我，上海到昆明中转的这个机票好像是呃取消了，,办理客票改期,2,查询航班动态,办理客票改期
麻烦问一下，以前我都是在，明天晚上九点钟，就是中国了，嗯，咱们东航，呃我买的我买的机票是从那个澳大利亚悉尼到上海的是周日的航班有没有啥变化了，,查询航班动态,11,办理客票改期,查询航班动态
我是那个什么改签了以后我确认一下，,验证电子客票,12,办理客票改期,验证电子客票
4月1号洛杉矶飞上海的飞机正常吗？,查询航班动态,11,查询航班动态或预订客票,查询航班动态
国内改签，哦，国内退票，,办理航班退票,3,办理客票改期,办理航班退票
精神服务券,办理服务犬,82,办理网站业务,办理服务犬
更改，美女，机票，,办理客票改期,2,修改客票或会员信息汇总,办理客票改期
就是你们1月28号飞往咸阳的那一趟，,查询航班动态,11,查询航班动态或预订客票,查询航班动态
我的退票是处于那个卖家确确认中是什么情况，,查询机票退款进度,6,办理航班退票,查询机票退款进度
查询机票邮寄情况，,查询行程单邮寄进度,17,配送行程单,查询行程单邮寄进度
请问，因为疫情原因去不了北京，可以免费退换吗？,咨询新冠肺炎防控要求,0,办理航班退票,咨询新冠肺炎防控要求
喂您好我想问一下嗯从沈阳到威海的飞机,查询航班动态或预订客票,16,预订客票,查询航班动态或预订客票
请问就是说用那个纸箱它可以托运吗？,咨询特殊物品运输规定,8,咨询托运及非托运行李规定,咨询特殊物品运输规定
行程单官网可以打印吗,配送行程单,15,办理网站业务,配送行程单
请问那个我在其他平台购买的机票嘛然后是昨在昨天早上的时候然后就是申请改签了但是呢，从昨天早上到现在一直，那个他那个状态一直处于是正在改签，已经，昨天早上十点钟到现在一直处于正在改签，然后我现在能不能说，就去退票啊，,办理航班退票,3,办理客票改期,办理航班退票
嗯我想查一下4月1号有一个MU5352的航班，说发生调整了，嗯，应该怎么调整，,查询航班动态,11,办理客票改期,查询航班动态
我要退票但是退票申请一直没有处理，,查询机票退款进度,6,办理航班退票,查询机票退款进度
积分兑换的机票怎么退税费,兑换积分,41,办理航班退票,兑换积分
我改，集团，改改签，,办理客票改期,2,办理集团客户业务,办理客票改期
我想咨询一下，包机货运的价格，,咨询货运相关问题,47,预订客票,咨询货运相关问题
请帮我查一下4月26号从普洱到广东的航班，,查询航班动态,11,查询航班动态或预订客票,查询航班动态
东航的机票给我改签了没有，,办理客票改期,2,验证电子客票,办理客票改期
"嗯,是的,我那个行程单,我可以自己去取吗,我在哈尔滨机场能取到吗,我从北京飞哈尔滨的机票",配送行程单,15,查询机场或营业部信息,配送行程单
就是我订的票然后自己机票只有退到我信用卡里面吗，我信用卡的钱都还清了的，能不能到到到，,咨询银行联名卡业务,38,办理航班退票,咨询银行联名卡业务
好，我是北方人可能说话比较，是说话口音不大对啊，你们就是，东航的东航，到美国去的几个去的，飞机飞机，是不是每个星期一班，,预订客票,4,查询航班动态或预订客票,预订客票
我已经订了明天晚上的飞机票，要求出票寄过来，票没有寄过来，是直接去机场，这个刷会员机取票还是怎么样，想咨询一下，,配送行程单,15,办理值机选座,配送行程单
给我查一下，张美玲，退票了没有，,办理航班退票,3,验证电子客票,办理航班退票
我，麻烦我想问一下我有一我我昨天订了一个那个去杭州萧山的飞机票然后我在网上订的然后又退了但是还在申请中我麻烦问一下我这张机票，还可以使用吗？,办理航班退票,3,查询机票退款进度,办理航班退票
如何查询航班是否变更,查询航班动态,11,验证电子客票,查询航班动态
你好 我有一个度假订单 想问下能不能开发票？,申请及查询电子发票,40,预订度假产品及酒店,申请及查询电子发票
从多伦多回国在香港转机可以吗？,查询航班动态或预订客票,16,咨询中转相关问题,查询航班动态或预订客票
还没告诉你，我要改一下机票，那个户名，,办理客票改期,2,修改客票姓名,办理客票改期
现金，订票，,预订客票,4,预订客票或兑换积分,预订客票
航班说航班取消了，,办理客票改期,2,查询航班动态,办理客票改期
我改签的机票要退票费用怎么算，,办理客票改期,2,办理航班退票,办理客票改期
嗯我想咨询一下那个，11月3号，飞马德里的航班取消了，呃呃航班的变更情况，晴晴给我说一下，,办理客票改期,2,查询航班动态,办理客票改期
请问一下如果是国际航班是东航取消的话要收手续费吗？,办理客票改期,2,办理航班退票,办理客票改期
要退票，改行程，,办理航班退票,3,办理客票改期,办理航班退票
你好我想问一下，从3月29号以后，咱们从咱们航空公司从伦敦到浦东的，是不是就一般啦，每周，,查询航班动态或预订客票,16,预订客票,查询航班动态或预订客票
您好我是你们订的二月二十四号从海口飞到长沙的呃，客户，你们要求我们嗯因为那个班航班已经取消了，是下午两点到四点的，航班取消了要让我们退票或者是改期我想改期到十五号三月十五号前后，可以吗？,办理客票改期,2,办理航班退票,办理客票改期
托运行李，植被，,咨询托运及非托运行李规定,33,咨询特殊物品运输规定,咨询托运及非托运行李规定
退款什么时候退，一情，退款，,办理航班退票,3,查询机票退款进度,办理航班退票
我要在双流机场，打印行程单，可是六点钟了，都没有人，,配送行程单,15,查询机场或营业部信息,配送行程单
"那个我乘坐的航班是不是,什么改了,然后是MU22983",验证电子客票,12,查询航班动态,验证电子客票
转国际机票预订部，国际机票预订，,预订客票或兑换积分,21,预订客票,预订客票或兑换积分
嗯我想把那个7月29号的票改到6月3号有退票的情况下别人有退票的情况下，,办理航班退票,3,办理客票改期,办理航班退票
我想问一下退票都还没有退成功的话可以领取机票吗？,办理航班退票,3,办理值机选座,办理航班退票
机票退换，请接人工服务，,人工服务,13,办理航班退票,人工服务
没有意思，四周才能到账，是吗？,查询机票退款进度,6,办理航班退票,查询机票退款进度
更换手机号怎么更换，,修改客票或会员信息汇总,29,修改客票联系方式,修改客票或会员信息汇总
我不是退票，还是，我明天的航班航空公司给我取消了，,办理航班退票,3,办理客票改期,办理航班退票
喂我想问一下儿童票的相关问题，,预订客票,4,修改客票或会员信息汇总,预订客票
唉，谢谢小姐我我先跟你讲，我我这个这个，二月三号的飞机票就是，我我我我，不是我本人，我儿子已经在欧洲了，就是它到底在订的，就是，二月三号到三月十九号的飞机票，来，呃这个，来来来，程的就是要退掉，我儿子，打不通，你们，,办理航班退票,3,验证电子客票,办理航班退票
嗯机票信息有误，我需要订正，,修改客票证件,44,修改客票或会员信息汇总,修改客票证件
你好呃我是呃，两个人，徐晓峰，赵远平，两个人是1月21号从意大利飞到上海再转到温州，哦，本来是，原来是，1月3号回去的，这是一，请情况之下，我们回不去，呃请问我们的飞机票有没有时间限制，,办理客票改期,2,验证电子客票,办理客票改期
托货物托运，,咨询货运相关问题,47,咨询托运及非托运行李规定,咨询货运相关问题
景观镇能否办理登机手续，,办理值机选座,22,查询机场或营业部信息,办理值机选座
联系人和联系电话更改一下，,修改客票联系方式,52,修改客票或会员信息汇总,修改客票联系方式
"由于拉链被扯掉这个太细节!我及时检查了箱子完好情况!在上了磁悬浮才发现拉链被扯掉,发现的第一时间就联系了你们却联系不上!也是第一次坐南航的托运碰到这种问题!",投诉,50,查询遗失物品,投诉
请问，往欧洲的航线正常吗？,查询航班动态或预订客票,16,查询航班动态,查询航班动态或预订客票
国技，改期,办理客票改期,2,办理航班退票,办理客票改期
刚才有两张机票退掉了，怎么要二十个工作日才给答复啊,办理航班退票,3,查询机票退款进度,办理航班退票
对的，从一号一直改改改，已经改了四遍了，最近改到什么时候才能够正常起飞，啊，你老是取消，已经改了四次了，,办理客票改期,2,查询航班动态,办理客票改期
那个，武汉到沈阳的航班什么时候售票，,预订客票,4,查询机场或营业部信息,预订客票
我从那个湖北天门市坐大巴到那个咸阳机场，从咸阳机场上飞机，坐你们那个东方东方航空的那个呃，飞机到阿勒泰，要什么那个登机手续呢，,咨询新冠肺炎防控要求,0,咨询乘机证件规定,咨询新冠肺炎防控要求
我买了，是十九号的票，这个票怎么处理，是那个美国飞上海的，,验证电子客票,12,办理客票改期,验证电子客票
可以，查询航班的客座率吗？,预订客票,4,预订客票或兑换积分,预订客票
不是修改，我就是东航打电话给我，我确认一下我十六号要登机登机要上飞机的登机，,验证电子客票,12,办理值机选座,验证电子客票
嗯我要问一下你那个深圳到那个南昌的7点10分的，还有，机票没有，,预订客票或兑换积分,21,预订客票,预订客票或兑换积分
机票更改，服，嗯询问，,修改客票或会员信息汇总,29,办理客票改期,修改客票或会员信息汇总
给我查一下，一，ummu，嗯，7992银川飞往乌鲁木齐31号的票给我取消掉，,办理航班退票,3,办理客票改期,办理航班退票
查一下，一月三十一号，阜阳到上海的飞机，有没有停运，,查询航班动态或预订客票,16,查询航班动态,查询航班动态或预订客票
手机会员卡，,修改会员资料,14,会员服务其他,修改会员资料
航班详情,查询航班动态,11,验证电子客票,查询航班动态
请帮我查看下这个机票，不是，昨天取消了吗，怎么今天，,查询航班动态,11,办理客票改期,查询航班动态
我没有打过，打航空电话，我查询一下退退票情况，飞机票退款情况，,查询机票退款进度,6,办理航班退票,查询机票退款进度
我问一下在朝阳到上海浦东的航班，因为啥，取消了，,办理客票改期,2,查询航班动态,办理客票改期
诶我想取消一个那个机票，今晚到，八点呃南京到大连的，三百块，,办理客票改期,2,办理航班退票,办理客票改期
嗯，肉食狗可以带上飞机，,办理小动物运输,1,咨询特殊物品运输规定,办理小动物运输
嗯请问从台州到上海的，,查询航班动态或预订客票,16,查询航班动态,查询航班动态或预订客票
嗯我刚才电话订了一张机票，嗯，然后付款没有成功所以我需要跟研究一下，因为说要发短信给我，但是我目前来说还没有收到短信，,验证电子客票,12,预订客票,验证电子客票
特殊，行李托运，,咨询托运及非托运行李规定,33,咨询特殊物品运输规定,咨询托运及非托运行李规定
你帮我转接人工服务，我要购买机票，,预订客票,4,人工服务,预订客票
就是我订的5月31号的机票现在取消了，能改签到最近的几号5月31号的机票，我的是，王雅新护照号是，一，87696176，我想改签改签到最近的有多少号，或者是，就是退票能全额退票吗？,办理航班退票,3,办理客票改期,办理航班退票
我想确认一下我的票是不是已经退了，,验证电子客票,12,办理航班退票,验证电子客票
你好那个我之前订的票的话到现在还有两张没退回来是咋回事啊，,办理航班退票,3,查询机票退款进度,办理航班退票
我的航班不能起飞了我怎么取消航班,查询航班动态,11,办理客票改期,查询航班动态
是用护照先买的，然后到时候等我那个通行证下来我就把那个，护，就是护照改一下，改成通行证呗，是吧,修改客票证件,44,修改客票或会员信息汇总,修改客票证件
退票转人工，国内，,人工服务,13,办理航班退票,人工服务
订一张儿童机票，,预订客票或兑换积分,21,预订客票,预订客票或兑换积分
退票多久到账啊，,查询机票退款进度,6,办理航班退票,查询机票退款进度
我想问一下app上订的那个座位，然后每一个座位后面写的这个英文字母代表什么意思，,办理值机选座,22,办理网站业务,办理值机选座
预定防控了订错了，,咨询新冠肺炎防控要求,0,办理客票改期,咨询新冠肺炎防控要求
您好麻烦帮我查一下马尼拉，最早日期回国是什么时候，,查询航班动态或预订客票,16,预订客票,查询航班动态或预订客票
8月14号上海飞首尔的机票改签的话费用是全退吗？,办理航班退票,3,办理客票改期,办理航班退票
对，查阿克苏机场的，,查询航班动态或预订客票,16,查询机场或营业部信息,查询航班动态或预订客票
嗯喂你好嗯是这样子的就是呃，因为我们在，一月三十号的时候买了那个呃东方航空的一个机票然后的话呃那边的话就是说，因为一群，这种情况的话，呃航空那边帮我们取消掉了那退款给我们走，退了两百多块钱，呃，基于现在的情况，不是全款退额吗？,办理航班退票,3,注册会员,办理航班退票
我的航班改时间了我需要通过中文那个语音，那个人工服务，,人工服务,13,办理客票改期,人工服务
你好帮我转到国内改签组，,办理客票改期,2,办理航班退票,办理客票改期
请问东方航空从纽约到上海，六月份有没有什么政策，,查询航班动态或预订客票,16,预订客票,查询航班动态或预订客票
呃帮我查一下，今天，ｍｕｍｕ九六六四航班，,查询航班动态或预订客票,16,查询航班动态,查询航班动态或预订客票
我已经订了机票退办了退票手续了，到现在，退不了款票款退不到，我个人手里啊，,办理航班退票,3,查询机票退款进度,办理航班退票
因为这边，厦门台风，我想问一下我们航班取消了没有，,查询航班动态,11,办理客票改期,查询航班动态
我前前天有退票，,办理航班退票,3,查询机票退款进度,办理航班退票
订单已经付款了但是显示没有付款是什么情况啊，,查询订单,58,预订客票,查询订单
我怎么样修改我的发票抬头改签，发票改，,申请及查询电子发票,40,配送行程单,申请及查询电子发票
我想知道我的登机口能不能查，,咨询登机口问题,56,查询航站楼信息,咨询登机口问题
查询太原到南宁的机票，,预订客票或兑换积分,21,预订客票或验证电子客票,预订客票或兑换积分
"南航在里程累计上,需要学习其他航空公司,这个问题很简单,不需要很长时间的,一个建议",投诉,50,补登积分,投诉
我想问一下航班我是准备到烟台，,查询航班动态或预订客票,16,预订客票,查询航班动态或预订客票
嗯我想看一下，十二月十三号，从洛阳飞往北京大兴，我看有一班，ｍｕ五六九六，航班我看这个航班有一个ｐ舱我想问一下这个，ｐ舱是指，咱们东航的打折超级经济舱吗？,预订客票,4,查询机型,预订客票
我想问一下我在机场能不能打印不到这个纸质的客票行程单，,配送行程单,15,查询机场或营业部信息,配送行程单
我查国内机票，,验证电子客票,12,预订客票或兑换积分,验证电子客票
查一下，山东山东到杭州的航班晚上八点钟，,查询航班动态或预订客票,16,查询航班动态,查询航班动态或预订客票
嗯是户口，嗯，如果拿户口本可以吗？,咨询乘机证件规定,32,咨询特殊物品运输规定,咨询乘机证件规定
曼德勒到昆明的票什么时候有，,预订客票或兑换积分,21,预订客票,预订客票或兑换积分
积分兑换商品消费密码忘记了，,查询积分商城,65,修改会员密码,查询积分商城
我想咨询一下机票退签的流程，,办理客票改期,2,办理航班退票,办理客票改期
噢，转人工退票，,办理航班退票,3,人工服务,办理航班退票
我要订到昆明到南宁的机票是东航的，,预订客票,4,预订客票或兑换积分,预订客票
就是下午改签的航班他还没有出票成功没有发短信通知是还没有改签成功吗？,验证电子客票,12,办理客票改期,验证电子客票
你好，为什么，十八号怎么买的那趟航班取消了，,查询航班动态,11,办理客票改期,查询航班动态
先预订，,预订客票或兑换积分,21,预订客票,预订客票或兑换积分
电子城，票信息，,验证电子客票,12,查询航班动态,验证电子客票
我去买，你家，4月23号的海口飞哈尔滨的嗯机票，九，632航班的机票我想，那就现在吧，近期，哈尔滨的黑龙江哈尔滨的疫情比较严峻形势比较严峻，所以我想念一燕期或者退票，,办理航班退票,3,咨询新冠肺炎防控要求,办理航班退票
嗯我要嗯我要了解一下我的那个航程嗯情况，,验证电子客票,12,查询航班动态,验证电子客票
我国国内航班预订的然后帮我转一下人工服务，,预订客票或兑换积分,21,人工服务,预订客票或兑换积分
您好，留学基金委给我订了票，我知道是哪一班，也知道我的护照号，能补发行程单吗？,配送行程单,15,申请及查询电子发票,配送行程单
上飞机需要飞机需要那些证明，,咨询乘机规定,59,咨询新冠肺炎防控要求,咨询乘机规定
航班取消需要咨询人工客服，,人工服务,13,办理客票改期,人工服务
行李，为什么没人接，,咨询托运及非托运行李规定,33,查询遗失物品,咨询托运及非托运行李规定
我我支持我，就是，舱位，怎么知道是，是商务舱还是经济舱，在在，我的那个在我的那个发票上，,申请及查询电子发票,40,配送行程单,申请及查询电子发票
你好我是想了解一下从日本东京飞往上海的机票的事情，,预订客票,4,预订客票或兑换积分,预订客票
我想那个我想问一下现在我买的是呃南京到那个长春的2月1号的机票完了之后现在，长春发生疫情了，我想问询问一下那个退退改的，流程细节，,办理客票改期,2,咨询新冠肺炎防控要求,办理客票改期
哎呀哎呀，给我打出来，嗯，查查，呵呵，我都不知道呀咋说呀咋说呀咋说呀咋说呀咋说呀，咋又说到到到到到到到到到，假的假的假的假的，航班航班航班航班改，,办理客票改期,2,修改客票证件,办理客票改期
嗯就是飞往大连大连，现在不让出境吗？,咨询新冠肺炎防控要求,0,咨询签证相关问题,咨询新冠肺炎防控要求
亲，我就是有疑问，为什么我的婴儿票不能预订，而且，我现在订了成人票和婴儿票的价格不一样，,预订客票,4,预订客票或兑换积分,预订客票
你好能帮我查一下我有一趟航班上面有没有ｗｉｆｉ，,办理网站业务,23,申请空中互联业务,办理网站业务
发票邮寄啊,申请及查询电子发票,40,配送行程单,申请及查询电子发票
"我不,订机票要查一下",验证电子客票,12,预订客票或兑换积分,验证电子客票
那，哎那今天的MU53764号改为MU5360呢，,办理客票改期,2,查询航班动态,办理客票改期
我办理登机时需要打印行程单,申请及查询电子发票,40,配送行程单,申请及查询电子发票
呃我想打印电子登机牌，,办理值机选座,22,咨询登机牌问题,办理值机选座
我今天买了机票然后那个身份证的号码，我想再确定一下是不是对的，,修改客票证件,44,验证电子客票,修改客票证件
咨询订票的事，,预订客票或兑换积分,21,预订客票,预订客票或兑换积分
给我接人工，退票，,人工服务,13,办理航班退票,人工服务
人工退卡，,人工服务,13,办理航班退票,人工服务
更换飞机票，,办理客票改期,2,修改客票或会员信息汇总,办理客票改期
我想问一下那个呃，1月30号那个航班呃退款了没有，,办理航班退票,3,查询机票退款进度,办理航班退票
喂你好请帮我查一个查一个电子客票号，我需要那个电子客票号报账现在打那个单子出来怎么查的到吗，你，,验证电子客票,12,配送行程单,验证电子客票
航班为什么取消，人工直接服务行吗？,人工服务,13,查询航班动态,人工服务
就是现在一瓶，期间，我那个，没有核酸检测，他现在让我来，检测核酸，然后今天的机票，我我嗯，今天的航班，我没法做了，您可以明天做吗？,咨询新冠肺炎防控要求,0,办理航班退票,咨询新冠肺炎防控要求
申请了退票能查到吗？,办理航班退票,3,查询机票退款进度,办理航班退票
我想问一下我是3月26号的航班给我改成27号了吗？,验证电子客票,12,查询航班动态,验证电子客票
嗯2月13号早上9点50飞武汉飞厦门的机票可以预订吗？,预订客票,4,预订客票或兑换积分,预订客票
会员，订单查询，,查询订单,58,会员服务其他,查询订单
喂你好我那个电话号码留错了能不能改呀，,修改客票联系方式,52,修改客票或会员信息汇总,修改客票联系方式
你好我是嗯想咨询，帮助我，机票问题，,办理客票改期,2,修改客票或会员信息汇总,办理客票改期
噢你好我那个航空那个机票是订了就还是订了，这时候钱已经扣了，就是说订，买票失败了，现在都，补票怎么补啊，,预订客票,4,办理客票改期,预订客票
我要咨询，app问题，请转人工，,人工服务,13,办理网站业务,人工服务
诶你好我那个刚才点的时候把改签点成退票了，,办理客票改期,2,办理航班退票,办理客票改期
机票退订，转人工，,人工服务,13,办理航班退票,人工服务
不是，购买机票，我想问一下我我改签完之后我托运行李就没有的托运了是怎么回事，,咨询托运及非托运行李规定,33,办理客票改期,咨询托运及非托运行李规定
中国，查一下，明天下午八点半的一班是什么，航班呢从那从昆明到南昌的，,查询航班动态,11,查询航班动态或预订客票,查询航班动态
***我记得以前那个退票啊改呀，手续费是二十块钱的嘛,办理航班退票,3,办理客票改期,办理航班退票
嗯我在十二月二零一九年十二月十七号那个，常德到杭州的，九点二十到十一点的这个东方航空ｍｕ九八八五的这个航班当时这个网上购买的时候是有一张发票寄到我这边来的，到现在已经好多天了还没寄过来，,查询行程单邮寄进度,17,申请及查询电子发票,查询行程单邮寄进度
从墨尔本飞中国的，哪天有机票，,预订客票或兑换积分,21,预订客票,预订客票或兑换积分
呃我想问一下呃我，乘客，刘秀芳，他明呃今天下午呃6月1号从福州那个，到上海，呃6月2号是从那个上海到纽约这个航班有没有改，帮我催一下，谢谢你，,办理客票改期,2,验证电子客票,办理客票改期
为什么我的账户里没有任何积分记录,查询积分,62,补登积分,查询积分
能不能介绍下获取电子登机牌流程,办理值机选座,22,咨询登机牌问题,办理值机选座
我想问一下呃，六月份的，国际国际航班，,查询航班动态或预订客票,16,预订客票,查询航班动态或预订客票
修改关联手机，,修改客票或会员信息汇总,29,修改会员资料,修改客票或会员信息汇总
嗯这边是焦玉洁的上海到北京九月二十三号晚八点半之前打电话用的中午名身份证买的票，要把证件类型改护照，刚已经把这两个证件拍照发到你们家邮箱了，,修改客票证件,44,修改客票或会员信息汇总,修改客票证件
订票吧，,预订客票或兑换积分,21,预订客票,预订客票或兑换积分
嗯机票预定机票，,预订客票或兑换积分,21,预订客票,预订客票或兑换积分
我收到短信飞机改明天早上6点55到了，核实一下，,验证电子客票,12,查询航班动态,验证电子客票
我我那个，托运货物是多少钱一公斤呢，,咨询货运相关问题,47,咨询托运及非托运行李规定,咨询货运相关问题
这个我们没有做到，呃没有赶上这个航班的时间然后改签了改签了之后呢，我们有，申请了退票，这个，嗯，明天能继续做吗？,办理客票改期,2,办理航班退票,办理客票改期
查一下我的航班时间对不对，,查询航班动态,11,验证电子客票,查询航班动态
嗯，我是二四号，退款，,办理航班退票,3,查询机票退款进度,办理航班退票
开通积分，支付，,兑换积分,41,会员服务其他,兑换积分
"手机号码,我的护照,输入字写错了",修改客票或会员信息汇总,29,修改会员资料,修改客票或会员信息汇总
嗯是的，我要看一下我的飞机票，有多少钱，订的这张机票，,验证电子客票,12,预订客票,验证电子客票
"喂我,我要,修改旅客信息",修改客票或会员信息汇总,29,修改客票姓名,修改客票或会员信息汇总
查询国内航班FM9169航班，,查询航班动态,11,查询航班动态或预订客票,查询航班动态
嗯乘飞机有什么条件吗？,咨询乘机证件规定,32,咨询新冠肺炎防控要求,咨询乘机证件规定
我这个我在上海订了一张机票呃是上海到万象的，上海到昆明，呃飞机过来的，一个叫蒋立强的，呃昆明昆明，真是的时候，他说上面有个英文字母，错了，这个不打登机牌重新买了一张票我现在这个票能不能呃还能不能退啊，,办理航班退票,3,修改客票姓名,办理航班退票
请问巴厘岛飞上海浦东，可以吗？,查询航班动态或预订客票,16,预订客票或兑换积分,查询航班动态或预订客票
不改期发没发生航变，,办理客票改期,2,查询航班动态,办理客票改期
"我订票失败,怎么应该怎么操作",预订客票或兑换积分,21,预订客票,预订客票或兑换积分
从澳门回来的然后从呼呼和浩特到珠海登机能不能出登机牌，,咨询登机牌问题,25,办理值机选座,咨询登机牌问题
因为我买了机票然后这个航班取消了所以说我需要人工服务可以吗？,人工服务,13,办理客票改期,人工服务
你帮看一下，七号没有，八号同航班有没有位子？,办理值机选座,22,预订客票,办理值机选座
我就是要打报销凭证，,配送行程单,15,申请及查询电子发票,配送行程单
"嗯退购温度是零下十三度吗,可以吗",办理小动物运输,1,办理航班退票,办理小动物运输
那个刚才接个第二条短信说那个说那个飞机不飞了，,办理客票改期,2,查询航班动态,办理客票改期
我想问一下，我原先的，呃这个6月4号从大连起飞到日照的，,验证电子客票,12,查询航班动态,验证电子客票
我想查询24号的飞机票，,预订客票或兑换积分,21,预订客票或验证电子客票,预订客票或兑换积分
你好，我在用手机APP自助服务办理儿童无陪伴机票时，查询不到温州机场,办理网站业务,23,办理无成人陪伴儿童,办理网站业务
咨询一下国际航班6月15号，英国到中国的，航班，,查询航班动态或预订客票,16,预订客票,查询航班动态或预订客票
请问国际退票组电话到几点，,办理航班退票,3,查询机票退款进度,办理航班退票
我想问一下这个航班取消了，中转的飞机票航班一个航班取消了怎么办，,办理客票改期,2,咨询中转相关问题,办理客票改期
请问我1号申请的发票还没有收到,申请及查询电子发票,40,查询行程单邮寄进度,申请及查询电子发票
对我我提交的时候怎么这个人老是显示， 占位了一提交就是座位已经占了，需要我重启还是,办理值机选座,22,办理网站业务,办理值机选座
喂你好，今天在东航有直飞芝加哥的航班吗？,查询航班动态或预订客票,16,预订客票,查询航班动态或预订客票
喂你好诶，查查最近有没有同一班飞往上海的飞机票，飞机啊，,查询航班动态或预订客票,16,预订客票或兑换积分,查询航班动态或预订客票
会员绑定的手机已经注销，,注销会员,79,修改会员资料,注销会员
我问一下我明天早上9点20的从上海起飞的机票,验证电子客票,12,预订客票或兑换积分,验证电子客票
我想问一下从那个加拿大的多伦多飞上海浦东的机票，,预订客票或兑换积分,21,预订客票,预订客票或兑换积分
呃航班取消申请了退票然后我购购买机票的时候支付的行程单邮寄费要怎么退回，,办理航班退票,3,配送行程单,办理航班退票
***那个东航有一个APP吗，我自己在APP上面看它有那种付费的我可以选付，,办理网站业务,23,办理值机选座,办理网站业务
我想查询我原来的航班为什么，现在时间给我，变更了也没有收到通知，,查询航班动态,11,办理客票改期,查询航班动态
国际机票出票，预定，,预订客票或兑换积分,21,预订客票,预订客票或兑换积分
这样的密码，机票查询机票查询，,修改会员密码,26,预订客票或验证电子客票,修改会员密码
我想问一下那个，中途，酒店的问题，,预订度假产品及酒店,76,咨询中转相关问题,预订度假产品及酒店
就是我原来的那个航班取消了，我现在坐另外一个航班，他要让我来确定一下，,办理客票改期,2,验证电子客票,办理客票改期
转人工修改吧，有点麻烦，,人工服务,13,修改客票或会员信息汇总,人工服务
就是，查一下上海浦东机场到五台山的FM9335航班，,查询航班动态,11,查询航班动态或预订客票,查询航班动态
我需要取消会员注销，别人盗用了我的身份证，,注销会员,79,会员服务其他,注销会员
改好了时间，而且我呢也是，因为查询到了你们航班之前延误，你们延误的很大原因是因为航班晚点了，所以我才改了你们东航其它的航班，为什么不能给我退票,办理航班退票,3,办理客票改期,办理航班退票
我想订明天上午8点10分从合肥起飞到烟台蓬莱国际机场的机票，,预订客票或兑换积分,21,预订客票,预订客票或兑换积分
好我我我我，上飞机要不要飞，三点车啊，,咨询新冠肺炎防控要求,0,查询航班动态,咨询新冠肺炎防控要求
手机预留号码改变，,修改客票或会员信息汇总,29,修改客票联系方式,修改客票或会员信息汇总
你好我退了一张机票然后现在那个想把那个行程单，嗯退票费，给那个收据给寄回来，,申请及查询电子发票,40,配送行程单,申请及查询电子发票
嗯我的那个去年订了一张机票在app里查不到了，,验证电子客票,12,办理网站业务,验证电子客票
我用积分兑换了机票，为什么查不到,验证电子客票,12,兑换积分,验证电子客票
我原先买的航班7点15分，现在改成9点15分，然后第二程是16点06分，嗯，我确认这个航班，,办理客票改期,2,验证电子客票,办理客票改期
手机什么时候可以办理登机牌,办理值机选座,22,咨询登机牌问题,办理值机选座
飞猪订票因病取消航程,办理航班退票,3,办理客票改期,办理航班退票
登登机前座核糖核酸人的事，还有健康吗，钱包的事，,申请健康申明,49,咨询新冠肺炎防控要求,申请健康申明
机票订好了但是登机牌里面没有我的名字，,修改客票姓名,27,咨询登机牌问题,修改客票姓名
你不是信用卡，呃你不是信用卡，那里的吗，就是买机票的吗？,咨询银行联名卡业务,38,预订客票,咨询银行联名卡业务
你好我想变更一下那个登机，地址，就是呃，如果记得，地点可以吗？,办理客票改期,2,修改客票或会员信息汇总,办理客票改期
我想查一下，三月份就，嗯孟加拉达卡到昆明的航班时间，,查询航班动态或预订客票,16,查询航班动态,查询航班动态或预订客票
我买机票的时候乘机人信息有误,修改客票证件,44,修改客票姓名,修改客票证件
噢，我在你们那个地方订的飞机票，你们，你改签了我退全款，为啥，又不是又不是退的全款，,办理航班退票,3,办理客票改期,办理航班退票
你好那个我的机票是，收到短信已经，那个变更的航程但是我到那个值机柜台来出票，但出不来怎么回事，,办理值机选座,22,办理客票改期,办理值机选座
"哎你好我是今天晚上那个就是济宁飞上海的那个,一班航班的那个,乘客啊,本来是8点20,8点40几分开的,现在他又改时间了,还要叫我重新签票,那我怎么上去,已经签过一次,付过钱了,那我现在订单都退了我现在要去,马上要回上海了,再怎么签啊",办理客票改期,2,查询航班动态,办理客票改期
我还把他们说了，真是烦死，,人工服务,13,不文明用语,人工服务
5月11号，阿姆斯特丹飞上海的，MU8274航班有没有，,查询航班动态或预订客票,16,查询航班动态,查询航班动态或预订客票
那合着合着一起订的是不是两张机票,验证电子客票,12,预订客票或兑换积分,验证电子客票
我要查一下，1月8日北京至揭阳，航班号是，,查询航班动态,11,查询航班动态或预订客票,查询航班动态
哦我是这样的我是有一张机票是三月七号，从广西桂林飞上海然后再从上海飞洛杉矶的，哦我想请问一下这个行你们现在东方航空是否已经取消了，从上海飞洛杉矶的航班，,查询航班动态,11,查询航班动态或预订客票,查询航班动态
你好请查一下那个6月24号呃东方航空的那个机票吗？,预订客票或兑换积分,21,验证电子客票,预订客票或兑换积分
我要查询航班信息动态,查询航班动态,11,查询航班动态或预订客票,查询航班动态
"呃请问晚上那个九点钟的,东方航那个航空那个到合肥合肥的,福州,取消",查询航班动态,11,办理客票改期,查询航班动态
现在在机场取了票之后还能快速取消航班啊，,办理客票改期,2,咨询乘机时限,办理客票改期
我想问一下就是这个月二十二号乌鲁木齐呃机场飞南通机场的航班有没有，,查询航班动态或预订客票,16,查询航班动态,查询航班动态或预订客票
你帮我查一下29号6月29号从昆明飞往合肥的航班有没有对应的，,查询航班动态或预订客票,16,验证电子客票,查询航班动态或预订客票
ｍｕ五三八二，十二月十十一号下午十七点的，延迟到，,查询航班动态,11,办理客票改期,查询航班动态
嗯票务名称错误如何更改，,修改客票姓名,27,修改客票或会员信息汇总,修改客票姓名
喂你好那个我那个明天的机票什么时候已经取消了，唉，,办理客票改期,2,查询航班动态,办理客票改期
嗯他那个在印度吗，现在，国际航班，不是没开通嘛，但是他在7月25号的票买了以后呢他自己的系统里就看不到这张票了然后呢，他让我呢，我是在国内，他让我呢，改签一下，,办理客票改期,2,验证电子客票,办理客票改期
我要退票提交那个退票申请了怎么还没有回复，,查询机票退款进度,6,办理航班退票,查询机票退款进度
你好，我想查询退票信息,办理航班退票,3,查询机票退款进度,办理航班退票
你好，我收到信息取消航班，但我已办理网上值机，怎么办？,取消值机,36,办理值机选座,取消值机
现在有没有昆明到缅甸的飞机，,查询航班动态或预订客票,16,预订客票,查询航班动态或预订客票
呃，会员注册，转人工服务，,注册会员,35,人工服务,注册会员
嗯我刚刚收到你的信息说是航班有变所以我想要确定一下，,验证电子客票,12,查询航班动态,验证电子客票
23号，更改呃机票信息，,办理客票改期,2,修改客票或会员信息汇总,办理客票改期
你好我想问一下多伦多飞石家庄有个7月3号十四号有个航班，我看看有没有票，,预订客票或兑换积分,21,查询航班动态或预订客票,预订客票或兑换积分
你好帮我查一下明天昆明飞景洪的航班，,查询航班动态或预订客票,16,查询航班动态,查询航班动态或预订客票
儿童票怎么取，,办理值机选座,22,配送行程单,办理值机选座
我想问一下近期有没有，嗯，从新西兰到天津的机票，,预订客票或兑换积分,21,预订客票,预订客票或兑换积分
你好我那个，孩子的户口本，找没找到那个银联卡能取票吗？,咨询乘机证件规定,32,办理值机选座,咨询乘机证件规定
你们那个航空服务，航空取消了吗？,查询航班动态,11,查询航班动态或预订客票,查询航班动态
十二岁以下的那个小孩乘机怎么办理，,办理无成人陪伴儿童,18,咨询乘机证件规定,办理无成人陪伴儿童
想请看一下我的退票成功了没有，,办理航班退票,3,验证电子客票,办理航班退票
您好我那个航班信息，改了，然后我想确认一下订这个航班，谢谢，,验证电子客票,12,查询航班动态,验证电子客票
"哦我这边有一张,退款,行程单呃退款的那个,发票没有收到,能帮我记一下吗",申请及查询电子发票,40,查询行程单邮寄进度,申请及查询电子发票
电子登机牌,办理值机选座,22,咨询登机牌问题,办理值机选座
嗯我想转人工，查询一下退票服务，,办理航班退票,3,人工服务,办理航班退票
我问一下天河到武汉的十五号的那个，,查询航班动态,11,查询航班动态或预订客票,查询航班动态
哎我要查询一下我的退机票的退款，,办理航班退票,3,查询机票退款进度,办理航班退票
你好我发现这个官网上面我订的机票但是这个，以我的名字订的，但是这个机票呢，不，不是我本人订的，,办理网站业务,23,办理客票改期,办理网站业务
"我在电脑上打开打打开那个网址显示乱码,呀",办理网站业务,23,修改会员密码,办理网站业务
我要咨询就是我们那个，一听期间，1月23号，原来是，上海虹桥到南宁的那个机票就是通过那个携程订的，还有就是回程的机票，1月29号，通过，也是通过携程订的，还有传票，这个退票的手续费，我一直没有收到退票我现在一定要咨询这个问题，,办理航班退票,3,办理客票改期,办理航班退票
唉我接小朋友是怎么样的程序，,办理网站业务,23,预订客票,办理网站业务
呃想问可不可以拒绝购买海外的机票，,预订客票,4,办理航班退票,预订客票
帮小孩子订机票，,预订客票,4,预订客票或兑换积分,预订客票
到胡志明的航班开通了吗？,查询航班动态或预订客票,16,预订客票,查询航班动态或预订客票
嗯改一下那个登机牌，,咨询登机牌问题,25,办理值机选座,咨询登机牌问题
我买了一张3月3号到哈尔滨到青岛的机票航班取消了钱还没给我退回来，,查询机票退款进度,6,办理航班退票,查询机票退款进度
4月3号的那个三亚到呃太原的那个航班是不是改签，已经飞了，,办理客票改期,2,查询航班动态,办理客票改期
嗯补打机票，,配送行程单,15,申请及查询电子发票,配送行程单
变更航空,办理客票改期,2,修改客票或会员信息汇总,办理客票改期
啊我就是说那个订票上面写的，后补，订票，什么意思，,预订客票或兑换积分,21,咨询候补登机,预订客票或兑换积分
六月份从伦敦飞回来的，时间是周几，礼拜几，,查询航班动态或预订客票,16,查询航班动态,查询航班动态或预订客票
航班改签，转人工服务，,办理客票改期,2,人工服务,办理客票改期
申请怎么打印行程单,配送行程单,15,申请及查询电子发票,配送行程单
"对因为我这个票是买的儿童票,他后面是追加了一张,通过打你们航空公司的热线,我追加了,一张儿童票,我在手机上,好像没有办法操作,我想问一下,通过你们这个,服务热线,能不能在线给我选一个座位和大人的座位挨在一起",办理值机选座,22,预订客票,办理值机选座
退票多久能处理，,查询机票退款进度,6,办理航班退票,查询机票退款进度
东航畅行e卡退卡，事务，,会员服务其他,28,办理航班退票,会员服务其他
那些不能托运，,咨询托运及非托运行李规定,33,咨询特殊物品运输规定,咨询托运及非托运行李规定
我想问一下东航的行程单怎么在网上打印电子发票，,配送行程单,15,申请及查询电子发票,配送行程单
退票审核未通过，,查询机票退款进度,6,办理航班退票,查询机票退款进度
帮我查下票，帮我查一下，飞机票预订，,预订客票或兑换积分,21,验证电子客票,预订客票或兑换积分
航班取消我要换新航班，但是，退票换不了，,办理航班退票,3,办理客票改期,办理航班退票
您好我想问一下订票嗯订，美，呃，中国去美国的，票的事情，,预订客票或兑换积分,21,预订客票,预订客票或兑换积分
帮别人买可以加积分吗,查询积分累积标准,78,补登积分,查询积分累积标准
帮我查查询一下，ｍｕ二三零五航班，,查询航班动态,11,查询航班动态或预订客票,查询航班动态
我要问那个从曼谷到南南呃机票有没有，,预订客票,4,预订客票或兑换积分,预订客票
我想要这1350元的发票,申请及查询电子发票,40,配送行程单,申请及查询电子发票
我现在没法在这个app上登录进去怎么登陆啊，密码不对啊，,办理网站业务,23,修改会员密码,办理网站业务
我要查机票的状态，,验证电子客票,12,查询航班动态,验证电子客票
首汽周末九折,预订度假产品及酒店,76,预订客票,预订度假产品及酒店
我还想订一张小孩子的机票要怎么订呢，,预订客票,4,预订客票或兑换积分,预订客票
fm9264飞到那个上海虹桥的t1还是t2,查询航站楼信息,51,查询机场或营业部信息,查询航站楼信息
***订票的时候用啊那，那我现在，现在那个登录好这个机票怎么出呢,预订客票或兑换积分,21,办理网站业务,预订客票或兑换积分
"你好,我是今天晚上从沈阳到英国纽卡斯尔的航班,由于沈阳到北京一段航班取消改到了明晚的航班。但是改签以后我北京到阿姆斯特丹一段无法在线值机选座了",办理值机选座,22,申请及查询电子发票,办理值机选座
登机牌登机服务，,咨询登机牌问题,25,办理值机选座,咨询登机牌问题
我就问一下我我那个我确定一下我的呃票到底是取消了还是没取消，,查询航班动态,11,验证电子客票,查询航班动态
嗯是的，我就转的，就是改签的票，我看，查订到了没有，你，转人工，,办理客票改期,2,人工服务,办理客票改期
哦查询一下，我正在，退改的那个嗯机票什么时候能退啊，,办理航班退票,3,查询机票退款进度,办理航班退票
请问一下明天，就是，早晨七点到厦门的，登楼，到厦门机场的，,查询航班动态,11,咨询乘机时限,查询航班动态
"那个我那个就是说这个7月2号订的,海浪机场,到那个青岛的那个,一个叫杨叶,邓的一个机票我已经付款了为什么,我爸爸现在去取票,她说没有付款呢",验证电子客票,12,办理值机选座,验证电子客票
机票不是我买的，可是我想查一下座位跟机票购买价格，去哪里查啊？,验证电子客票,12,办理值机选座,验证电子客票
我有一个票票，就是因为疫情的原因，然后停飞了说退我款呢，一直没有退，我怎么办呢，,办理航班退票,3,查询机票退款进度,办理航班退票
你好我请问一下我购买的那个飞机票为什么到现在还没有出票，我也不知道，那个登机牌在哪里取，,办理值机选座,22,咨询登机牌问题,办理值机选座
嗯更改一下出票信息，,修改客票或会员信息汇总,29,办理客票改期,修改客票或会员信息汇总
我想咨询航班计划,查询航班动态或预订客票,16,查询航班动态,查询航班动态或预订客票
等一下，明天那个八点八点半那个去广州那趟飞机取消了，那什么原因呢，那取消了，你，你说我们，你要早点说，我们就退票了，你都到上海了，,办理航班退票,3,办理客票改期,办理航班退票
你好我已经值机，但我想退票怎么办理，,办理航班退票,3,取消值机,办理航班退票
啊请帮我转那个机票预订咨询机票咨询，我现在为号号就开始，人家说的，我挺慌的，我现在都赶不上赶能不能全退，我操，,办理航班退票,3,预订客票或兑换积分,办理航班退票
我想那个订个机票，,预订客票或兑换积分,21,预订客票,预订客票或兑换积分
我要退票我转人工，,人工服务,13,办理航班退票,人工服务
行程单已经过了一个周,查询行程单邮寄进度,17,配送行程单,查询行程单邮寄进度
你好我想打印那个飞机的电子报销凭证但是他显示已过期，,配送行程单,15,申请及查询电子发票,配送行程单
1700间飞行是否需要健康证明，,申请健康申明,49,咨询新冠肺炎防控要求,申请健康申明
一月三十一日，ｍｕ九六五一，航班航空公司已取消退款，为什么，嗯为什么没有退完，扣了二百一十一元，,办理航班退票,3,查询机票退款进度,办理航班退票
关键，退票转人工，,办理航班退票,3,人工服务,办理航班退票
我刚才有一张机票报了一个，保留，,办理客票改期,2,验证电子客票,办理客票改期
嗯我想那个，孩子留学嘛，温哥华的那个呃飞机嘛，想，十七号十四号那个东航的是有飞机的对吧，,查询航班动态或预订客票,16,预订客票,查询航班动态或预订客票
那个我，你再帮我发一个我的卡号，我刚申请的，卡号的短信，还有我一，嗯，我要注册，我添加邮箱，他写，嗯获取二维码，我这总有得不到二维码是怎么回事呀，,办理网站业务,23,修改会员资料,办理网站业务
这个感冒啊，这个这个那个上嘴咳的，我都不知道咋的，后来以后也是没有招了，现在是你要是在上海再住一宿的情况下，你包括酒店啊包括赔偿啊，你要能够找到的话，你有合理的安排，咱也可以考虑考虑,投诉,50,办理客票改期,投诉
呃因为是我之前订的机票呃现在由于呃你们东方航空公司的原因然后帮我改签了，然后这个时间段，跟我下一个航班就呃连接不上所以我想咨询一下退票，,办理航班退票,3,办理客票改期,办理航班退票
呃我就是想问一下你们那边六月份有没有航班直接到洛杉矶的，,查询航班动态或预订客票,16,预订客票或兑换积分,查询航班动态或预订客票
我那个有一张票退款了为什么一直在受理中呢，,办理航班退票,3,查询机票退款进度,办理航班退票
"我我预订的那个西安飞往银川的MU2266,航班时间变更了",查询航班动态,11,办理客票改期,查询航班动态
嗯你可不可以帮我查一下，绵阳到上海，这个航空的飞机飞机还飞吗？,查询航班动态,11,查询航班动态或预订客票,查询航班动态
那，你给我确认一下位子呗，,办理值机选座,22,验证电子客票,办理值机选座
他这完事儿才能转人工，还是死了都，嗯我要我要咨询撤销航班，,人工服务,13,办理客票改期,人工服务
你好我问一下那个，之前，我在飞猪上和携程上订的那个呃，机票还正常飞吗,查询航班动态,11,验证电子客票,查询航班动态
修改电话联系人，,修改客票联系方式,52,修改客票或会员信息汇总,修改客票联系方式
不是，我看你们发的那个信息是机票是怎么说，他刚才他说是说那个就是说是什么航班，什么什么事我也听不来，就是说我问一下是什么情况，,验证电子客票,12,查询航班动态,验证电子客票
怎么那个，因为一些事情，嗯退票可以不收退票费吗改签费改签费改签费，我们无锡刚刚发出来，喂你在吗？,办理客票改期,2,办理航班退票,办理客票改期
就是他，他还没有把钱我，他没有通过没有通过审核，但是我今天就退了，早上就退了到现在还没有反应，,查询机票退款进度,6,办理航班退票,查询机票退款进度
我要问一下，七号，航空公司从上海飞往芝加哥的航班飞不飞，,查询航班动态,11,查询航班动态或预订客票,查询航班动态
找人工服务台投诉，,投诉,50,人工服务,投诉
请问在境外用护照订的机票但是机票丢了，现在办补办的旅行证，可可不可以改签机票信息了，,修改客票证件,44,办理客票改期,修改客票证件
关于国外机票的订购确认问题，,验证电子客票,12,预订客票,验证电子客票
"不是订机票,我是问一下,本来订的明天早上,南京,mu2338那个,接收不到,明天中午起飞",查询航班动态,11,办理客票改期,查询航班动态
直接转人工，查询航班就行了，,人工服务,13,查询航班动态或预订客票,人工服务
啊我查询一下6月3号加格达奇飞上海浦东的这趟机票呃，刚才有个语音通知，我已经取消航班，现在，我想确定一下，,办理客票改期,2,查询航班动态,办理客票改期
帮我转一下积分的那个工作人员吧，积分管理的工作人员吧，,人工服务,13,会员服务其他,人工服务
我说我有个订单退票为什么还没有退，好，,办理航班退票,3,查询机票退款进度,办理航班退票
你好，咨询航班在北京到三亚的航班，在南京转机，想咨询一些，,咨询中转相关问题,5,查询航班动态或预订客票,咨询中转相关问题
我想我想咨询一下，菲律宾马尼拉飞往上海的机票，嗯，目前还有票吗？,预订客票或兑换积分,21,预订客票,预订客票或兑换积分
我想问一下因为我在你那边购了，从台湾，转上海呃从台湾到上海转至昆明，可是我到了上海又被河里就没有，没有办法去昆明的那我去昆明的票可以退吗？,办理航班退票,3,办理客票改期,办理航班退票
为什么还不成功退票？,查询机票退款进度,6,办理航班退票,查询机票退款进度
请问退票怎么没有成功啊，,办理航班退票,3,查询机票退款进度,办理航班退票
我问一下我有一个二十公斤的密码箱能不能带走，,咨询特殊物品运输规定,8,咨询托运及非托运行李规定,咨询特殊物品运输规定
我的飞机被被莫名的改期了，我要问一下什么原因，,办理客票改期,2,查询航班动态,办理客票改期
嗯你好我就是想要看就是因为我在网上买的机票然后我想要改签，可是他，我在上面选了座位了然后取消不了那个值机然后我想改签要怎么弄，,办理客票改期,2,取消值机,办理客票改期
双肩背包，可以托运吗？,咨询特殊物品运输规定,8,咨询托运及非托运行李规定,咨询特殊物品运输规定
哎你好我原先买的是呃从巴西回来的联票到福州嘛然后，因为隔离了，,咨询新冠肺炎防控要求,0,办理客票改期,咨询新冠肺炎防控要求
我要了解我自己，国航班的一个情况，,查询航班动态,11,查询航班动态或预订客票,查询航班动态
我想办这班航班取消可以吗？,办理客票改期,2,取消值机,办理客票改期
"我需要贵宾通道,vip通道一,客通道",查询机场或营业部信息,24,办理VIP旅客,查询机场或营业部信息
嗯我要咨询一下这个飞机班次的事，,查询航班动态,11,查询航班动态或预订客票,查询航班动态
请问这个延误航班延误信息，怎么证明是真实的，,申请航班延误取消证明,77,查询航班动态,申请航班延误取消证明
嗯，名字，改签改信息，,修改客票姓名,27,修改客票或会员信息汇总,修改客票姓名
小孩没有身份证，只有社会保障卡，请问如何买机票,咨询乘机证件规定,32,预订客票,咨询乘机证件规定
国际航班买座位，,办理值机选座,22,预订客票,办理值机选座
呃我那个航班取消了，给取消了，后来改成那个虹桥到青岛的这个还需要再确认一下的吗？,办理客票改期,2,验证电子客票,办理客票改期
还有什么可以去呃呃，还有，可以什么可以去旧金山的航班吗？,查询航班动态或预订客票,16,预订客票,查询航班动态或预订客票
我想问一下二次退款审核时间大概是多久,查询机票退款进度,6,办理航班退票,查询机票退款进度
客票状态是已换开是什么意思，,验证电子客票,12,办理客票改期,验证电子客票
查询最近金边到国内的机票，,预订客票或兑换积分,21,预订客票或验证电子客票,预订客票或兑换积分
你可以帮我把，刚刚那个k l，改成一个,办理值机选座,22,修改客票或会员信息汇总,办理值机选座
我需要打印，机场建设税，建设税的发票，打，嗯，不知道怎么用，,申请及查询电子发票,40,配送行程单,申请及查询电子发票
你好我想咨询一下业务月四号，美兰直飞温州的，航班信息，,查询航班动态,11,查询航班动态或预订客票,查询航班动态
我今天凌晨付款确定的广州到三亚行程如何看确认订单？另外行程单和瓜票如何拿？,申请及查询电子发票,40,验证电子客票,申请及查询电子发票
帮我查一下，昌北南昌昌北机场，4点20那个机飞机有没有停运，,查询航班动态,11,查询航班动态或预订客票,查询航班动态
更改机票乘坐人号码，,修改客票联系方式,52,修改客票或会员信息汇总,修改客票联系方式
值机选座，以后，如何查看登机牌，,办理值机选座,22,咨询登机牌问题,办理值机选座
哎我现在要接通话务员，我要咨询，就是，我要我要买位置，,办理值机选座,22,人工服务,办理值机选座
我想问下发票里面会显示行程地点和日期吗,申请及查询电子发票,40,配送行程单,申请及查询电子发票
4月1号，是否有特异，纽约到浦东的航班，,查询航班动态或预订客票,16,查询航班动态,查询航班动态或预订客票
现在登机，能使用，电子登机吗？,办理值机选座,22,咨询乘机规定,办理值机选座
你好，我想改手机的，飞机降舱，,办理客票改期,2,办理客票升舱,办理客票改期
咨询国际航班机票，,预订客票或兑换积分,21,查询航班动态或预订客票,预订客票或兑换积分
上海航空FM9159号浦东机场，嗯，2020年4月2日到长春的那个那个飞机，,查询航班动态,11,查询航班动态或预订客票,查询航班动态
预存机票服务，,办理客票改期,2,预订客票,办理客票改期
我需要查询航班状态，请让我，联系人工客服，,查询航班动态,11,人工服务,查询航班动态
我订的5月13号的飞机，我十二号有订过但是他取消了，十三号，我改签了，为什么，这些取消呃你们飞机自己取消，为什么，我们退的不是全额款，,办理航班退票,3,办理客票改期,办理航班退票
咨询航程，,查询航班动态,11,验证电子客票,查询航班动态
哎你好我想问一下就是你们这边就是宜宾发的吗，就是，25号不是有一班宜宾到厦门的吗？,查询航班动态或预订客票,16,查询航班动态,查询航班动态或预订客票
你把我的那个机票取消以后，我是就用不起来了，因为我是订了下午那个从厦门回来是六六，4点50的票，所以你这个票给我推迟以后我就要把这个票全部退掉吧，,办理航班退票,3,办理客票改期,办理航班退票
优选座位订单支付的是积分吗？就是付费的那种,兑换积分,41,办理网站业务,兑换积分
我有一张，一月三十日，宁波去重庆的机票改签的，一月二十六号，不知，改签成功没有，,办理客票改期,2,验证电子客票,办理客票改期
你好我请问一下我那个身份证是临时身份证可以取票吗，,咨询乘机证件规定,32,办理值机选座,咨询乘机证件规定
我退票了到现在还没有收到退款，,查询机票退款进度,6,办理航班退票,查询机票退款进度
那该航班有被影响了，,查询航班动态,11,验证电子客票,查询航班动态
我要机票改签，乘机人，,办理客票改期,2,修改客票姓名,办理客票改期
订单号查询,验证电子客票,12,查询订单,验证电子客票
东航六月份飞那个温哥华的航班有吗？,查询航班动态或预订客票,16,预订客票,查询航班动态或预订客票
哦我想咨询一下，集团公司的免优票，呃携带婴儿的话怎么样办理，,预订客票,4,办理集团客户业务,预订客票
幸运升舱，退款，,办理航班退票,3,办理客票升舱,办理航班退票
你好想问一下，多伦多飞北京的航班是否有票，,预订客票或兑换积分,21,预订客票,预订客票或兑换积分
你好我就是刚刚，嗯我我是买从伊春买到厦门的机票，,预订客票,4,查询航班动态或预订客票,预订客票
查询，候机室，,查询机场或营业部信息,24,咨询贵宾室业务,查询机场或营业部信息
我们的航班延误了需要开延误证明,申请航班延误取消证明,77,申请及查询电子发票,申请航班延误取消证明
上海飞八，航班查询，,查询航班动态,11,查询航班动态或预订客票,查询航班动态
嗯，我们有抓到一个失信人员，然后请问失信人员怎么样才能坐飞机，,预订客票,4,修改客票或会员信息汇总,预订客票
我那个改签机票之后怎么没有收到短信呢，,办理客票改期,2,验证电子客票,办理客票改期
帮我查一下8月12号柳州到合肥的航班，,查询航班动态或预订客票,16,查询航班动态,查询航班动态或预订客票
国内机票预订，我记得是1万六，1万两千多，一抹绿，,预订客票,4,预订客票或兑换积分,预订客票
已办的值机手续的怎么样退票，,办理航班退票,3,取消值机,办理航班退票
"我们也是,上海到西安,呃呃,聂向锋的锋字错了一片,改改过来了没有",修改客票姓名,27,修改客票或会员信息汇总,修改客票姓名
不是，我已经买了机票买了机票是明天早上呃8点20的飞青岛的是不是因为天气原因改时间了，,办理客票改期,2,查询航班动态,办理客票改期
嗯小东，我是这样问你，现在那个我们从上海出去到北海，我们机票是12月1日的是上午的，现在这个浦东是出了那个，新光附近，病毒吗一，做不做核酸啊我们出去的时候，,咨询新冠肺炎防控要求,0,办理航班退票,咨询新冠肺炎防控要求
我想带儿童坐飞机，,预订客票,4,咨询乘机规定,预订客票
FM9128的呃航班停，t2的，虹桥机场，对吗？,查询航班动态,11,查询航站楼信息,查询航班动态
你好我要预定，从和田到乌鲁木齐，的机票,预订客票,4,预订客票或兑换积分,预订客票
延误到哪了，到今天下午才转的，,办理客票改期,2,查询航班动态,办理客票改期
你好我问一下现在这个餐食，是不是不让带上飞机啊，,查询航班餐食,69,咨询特殊物品运输规定,查询航班餐食
就是要跟东航打电话确认我可以上飞机吗？,验证电子客票,12,咨询乘机规定,验证电子客票
在手机上面支付宝里面还有飞猪旅行，里面都买不了，这个机票是什么情况，,预订客票,4,验证电子客票,预订客票
我就怕被航班取消了那能不能取消啊，,办理航班退票,3,办理客票改期,办理航班退票
你好我想请问一下今天的MU2808航班是不是改时间了，,查询航班动态,11,办理客票改期,查询航班动态
你们的航班改，嗯，取消了吗，明天，郑州飞往泸州云龙的，,办理客票改期,2,查询航班动态,办理客票改期
为什么登机牌不能保存到钱包,咨询东航钱包问题,71,补登积分,咨询东航钱包问题
请把这个行程单发给我,申请及查询电子发票,40,配送行程单,申请及查询电子发票
你好我在去哪儿网买了张机票，2月1号从重庆到北京的机票到现在还退不了票啊，到底是什么原因，我需要跟你们人工服务，了解情况，,查询机票退款进度,6,办理航班退票,查询机票退款进度
我们航班被取消了,办理客票改期,2,查询航班动态,办理客票改期
呃一个大人带一个小孩但是大人退票了以后这个小孩的票，还能保留吗？,办理客票改期,2,关联客票,办理客票改期
是就是东航航班对吧，核实共享，,验证电子客票,12,查询航班动态,验证电子客票
航班查询，嗯嗯，行遍，,查询航班动态,11,办理客票改期,查询航班动态
呃我要咨询一下就是我之前买的商务舱的票，但是到了台湾，一回到国内的时候变成不能使能做商务舱，但是不能进机场的贵宾室啊，这个问题要怎么解决，我，如果我因为我现在还要再买票，,预订客票,4,办理客票升舱,预订客票
改飞机票信息，,修改客票或会员信息汇总,29,办理客票改期,修改客票或会员信息汇总
我说就是它，登机需要什么？,咨询乘机规定,59,咨询乘机证件规定,咨询乘机规定
"嗯您好我想查一下我8月3号从绵阳都在机场飞往那个呃呃,绵阳,兰州机场飞往洛社机场,宁波,呃行那个",预订客票,4,验证电子客票,预订客票
就是前两天三十号嘛我们买了一个机票然后他那天下午给我说那个因为天气原因给我取消航班了,办理客票改期,2,查询航班动态,办理客票改期
从成都飞，要注意什么吗？,咨询乘机规定,59,咨询新冠肺炎防控要求,咨询乘机规定
请问3月30号东航伦敦飞上海浦东的机票，,预订客票或兑换积分,21,查询航班动态或预订客票,预订客票或兑换积分
我想查一下预定的航班信息，,查询航班动态,11,验证电子客票,查询航班动态
你好我想问一下预定机票的事情,预订客票,4,预订客票或兑换积分,预订客票
你好查一下，上海飞上海往返飞多伦多的行航班，,查询航班动态或预订客票,16,预订客票,查询航班动态或预订客票
白酒能带多少瓶，,咨询特殊物品运输规定,8,查询遗失物品,咨询特殊物品运输规定
不是我是问一下这个，负责网站工作人员的，客服咨询，,人工服务,13,办理网站业务,人工服务
嗯核实一下退票事宜，,办理航班退票,3,查询机票退款进度,办理航班退票
我刚才就用我的，10万积分兑换了两张去天津的机票，嗯我想帮我查一下是否购买成功，,验证电子客票,12,兑换积分,验证电子客票
十号我们购买的航班从厦门到上海从上海转机到莫斯科，但是现在，从厦门到上海的机票被取消了，那请问，我们从上海到莫斯科的航班，还能走吗？,查询航班动态,11,办理客票改期,查询航班动态
转接人工客服，国内，退票，,人工服务,13,办理航班退票,人工服务
你好我想问一下我要买马马尼拉到上海的机票，可不可以买，九月份的然后付改签费，到七月，,办理客票改期,2,预订客票,办理客票改期
我要寻找失物，你能不能帮我转人工台，,人工服务,13,查询遗失物品,人工服务
我上飞机拎走拎东西上飞机，有有要求吗？,咨询托运及非托运行李规定,33,咨询特殊物品运输规定,咨询托运及非托运行李规定
我不，购买机票，我要投诉，我22号订的票改签到26号了，怎么，26号又给我给给退了，又要改签，10月22号的，完了又改成11月26号的，10月26号，怎么又改成这个，又得又得让我改签，,办理客票改期,2,投诉,办理客票改期
请问一下我们4月3号的机票改到4月4号，这个确定吗？,办理客票改期,2,验证电子客票,办理客票改期
嗯，你刚刚说要下载哪个，东航的app是东航东方航空机票预订，航班查询的app吗？,办理网站业务,23,预订客票或兑换积分,办理网站业务
他应该说的是南航的那一趟六九幺三，十七点三十分的那一趟,办理客票改期,2,验证电子客票,办理客票改期
把刚才的那个，播报时，再重复一遍，,重复,54,人工服务,重复
请问在这个东方航空公司这个手机app上订的票啊，为什么，查询不到这个机票信息啊，,办理网站业务,23,验证电子客票,办理网站业务
他这个好像，那你问一下他这个飞机没有出现时间，没有，变更什么的吧，,查询航班动态,11,验证电子客票,查询航班动态
我想就辦登機證可是沒有手機驗證短信,办理网站业务,23,补登积分,办理网站业务
我想趁咱们东航的班机，,查询航班动态或预订客票,16,咨询乘机规定,查询航班动态或预订客票
呃今天的那个MU2948航班延误了我这边可不可以晚点去办登机牌，,咨询登机牌问题,25,咨询乘机时限,咨询登机牌问题
我的退票费现在到现在没给我退回来，我要查一下，,查询机票退款进度,6,办理航班退票,查询机票退款进度
喂你好我问一下那个呃买飞机票，咱们的，加一天是什么意思，是不是一，在哪个中转的第一，一天第二天再坐飞机，换乘飞机，,办理客票改期,2,咨询中转相关问题,办理客票改期
帮我查一下6月6号的机票呗，有一个，因为已经取消了是什么原因，,查询航班动态,11,办理客票改期,查询航班动态
嗯问一下我今天买了飞机票呀，没座我买了，他把钱扣了，问一下，我就想问一下，把飞机票买上了没有，,验证电子客票,12,预订客票,验证电子客票
你好我想查一下一张改签的票，,办理客票改期,2,验证电子客票,办理客票改期
换不了登机牌，,咨询登机牌问题,25,办理值机选座,咨询登机牌问题
查询退票中的订单，,办理航班退票,3,查询机票退款进度,办理航班退票
我们的机票是从银川10月30号从银川河东机场到乌鲁木齐的，,查询航班动态或预订客票,16,验证电子客票,查询航班动态或预订客票
昌北机场有开吗？,查询机场或营业部信息,24,查询航班动态或预订客票,查询机场或营业部信息
查询MU2467，6月25号呃哈尔滨太平寺机场飞到加拿大的飞机，,查询航班动态,11,查询航班动态或预订客票,查询航班动态
麻烦你给我转人工我那个改签还没成功，,办理客票改期,2,人工服务,办理客票改期
啊帮我查一下，从武汉到西班牙马德里的，呃八月份的机票有没有，,预订客票,4,预订客票或兑换积分,预订客票
"我想问一下,东航,今天下午从湛江飞上海的有没有航班了",查询航班动态或预订客票,16,预订客票,查询航班动态或预订客票
退改机票，国际的，我要人工台，,办理客票改期,2,人工服务,办理客票改期
我想咨询一下，嗯，小孩的社会保障卡能不能买机票，,预订客票,4,咨询乘机证件规定,预订客票
你好我想查询一下那个我在嗯，一个小时前左右，退了一张机票，,办理航班退票,3,查询机票退款进度,办理航班退票
我想查一下航班号,查询航班动态,11,查询航班动态或预订客票,查询航班动态
嗯官网客服,办理网站业务,23,人工服务,办理网站业务
嗯我问一下就是如果买的机票，他是用周末随新飞，兑换的话那个那个发票给我们开的发票那个金额是按照实际票价来还是说按照我们支付的实际金额为准的，,配送行程单,15,申请及查询电子发票,配送行程单
需要航班延误的信息,查询航班动态,11,申请航班延误取消证明,查询航班动态
5月15号的，MU7054有没有这趟航班，,查询航班动态,11,查询航班动态或预订客票,查询航班动态
我最后一次十二月一号回来坐南航的飞机，他把飞机给我寄到南航，上了，我现在想换到东航的积分上可以吗？,补登积分,39,查询积分累积标准,补登积分
我今天的机改签成明天的，当时信息一直提醒我，今天的机票，,办理客票改期,2,验证电子客票,办理客票改期
我会员账号，不知道啦，我要我要语音服务，我要那个人工服务啊，,人工服务,13,查询会员卡卡号,人工服务
无法查询航班,查询航班动态或预订客票,16,验证电子客票,查询航班动态或预订客票
什么东西，唉你别开了，这些都是我你看你有没有改期，,办理客票改期,2,验证电子客票,办理客票改期
我要修改，呃订票的那个那个证件名称，,修改客票证件,44,修改客票或会员信息汇总,修改客票证件
啊我只是收到短信说我的机票取消我想查一下我昨天晚上订的机票呃，还有，在不，,验证电子客票,12,办理客票改期,验证电子客票
机票预订国际票预订，,预订客票或兑换积分,21,预订客票,预订客票或兑换积分
我的机票你们改签了我问一下，能准点起飞吗，还会改再改时间吗？,查询航班动态,11,办理客票改期,查询航班动态
微信订购的机票在机场能能否能否直接取行程单，,查询机场或营业部信息,24,配送行程单,查询机场或营业部信息
就是，我的航班已经被取消了但是因为我是学生，然后现在还不知道具体的开学日期，,办理客票改期,2,查询航班动态,办理客票改期
我的订单什么时候能退呀，,办理航班退票,3,查询机票退款进度,办理航班退票
你好我想咨询一下婴儿登机的手续，,咨询乘机规定,59,咨询乘机证件规定,咨询乘机规定
我那个号那个一张两张机票已经在那个去哪儿网已经退票了，对方显示是在审核当中，现在你们这边又通知我航班改期了，我也不知道怎么办，,办理客票改期,2,查询机票退款进度,办理客票改期
我需要一个短信，因为我那个你刚才说的这个，我没有记下来，我需要你们提供给我发一个短信发过来，因为我，上届是第二次改签了上次改签在4月29号，他就有，你们公司就有发短信给我发到我手机上，这一次我也要求发短信发在我手机上，,办理客票改期,2,验证电子客票,办理客票改期
你好我的机票突然被取消了什么原因，,查询航班动态,11,办理客票改期,查询航班动态
嗯行程单退票，,办理航班退票,3,配送行程单,办理航班退票
在app上怎么改航班，,办理客票改期,2,办理网站业务,办理客票改期
喂你好请问一下现在那个从武汉到南宁的票有吗？,预订客票或兑换积分,21,预订客票,预订客票或兑换积分
嗯我想问一下3月8号有一个2760航班下午四点的我申请退票了为什么现在还没退，,查询机票退款进度,6,办理航班退票,查询机票退款进度
你好是这样的我原来订的是本月26号晚上十点起飞的呃广州飞昆明的现在收到信息是六点起飞到六点起飞的话，这个时间我没办法走，,办理客票改期,2,办理航班退票,办理客票改期
修改特殊旅客信息，,修改客票或会员信息汇总,29,特殊服务汇总,修改客票或会员信息汇总
我的电子行程单有错误我改了签然后电子行程单的话，是以前的，电子行程单，我想补一个新的，,配送行程单,15,办理客票改期,配送行程单
从韩国的首尔仁川到上海，六月份还有没有机票，,预订客票或兑换积分,21,预订客票,预订客票或兑换积分
我想知道我这个航班，我，我买了那个，,验证电子客票,12,查询航班动态,验证电子客票
"妹的,隐藏够深的。建议你们把〖电子发票〗直接放在特色服务的下一级选项菜单中",投诉,50,申请及查询电子发票,投诉
我想问一下我那个退款是怎么来的，,办理航班退票,3,查询机票退款进度,办理航班退票
退票审核审理时间，,办理航班退票,3,查询机票退款进度,办理航班退票
我买的票到北京那边，现在不行，不不，不让回去啊，所以我们要退了，了一情严重不让回，退了现在说是审核不过去什么原因，明天就到日子了，那这机票还能用吗？,办理航班退票,3,查询机票退款进度,办理航班退票
没有我已经买了机票就是说明天中午从昭通到重庆的机票是不是改时间了，,验证电子客票,12,办理客票改期,验证电子客票
我说这个发票我能去那个机场直接找工作人员帮我开吗？,配送行程单,15,申请及查询电子发票,配送行程单
什么意思啊，不是我订票啊，给我转人工，,预订客票或兑换积分,21,预订客票,预订客票或兑换积分
查一下，蔡雅萍的，航班改到几点了，,查询航班动态,11,验证电子客票,查询航班动态
怎么查询我打印的电子发票邮寄进度啊,申请及查询电子发票,40,查询行程单邮寄进度,申请及查询电子发票
我我现在退申请退的票有没有行李退的票怎么还没有完啊，,办理航班退票,3,查询机票退款进度,办理航班退票
南昌昌北机场是否值班值机，正常，,办理值机选座,22,查询机场或营业部信息,办理值机选座
就是有一我订了一张票，10月29号的航班被取消了，你帮我转一下人工，,人工服务,13,办理客票改期,人工服务
"你那了我的账号身份证,就可以查到我有哪些机票是没有开发票的吧,",申请及查询电子发票,40,验证电子客票,申请及查询电子发票
我要查一下我之前买的那个昆明到福州的，没有，坐的那个航班，,验证电子客票,12,查询航班动态,验证电子客票
诶我想查一下，这个银行的，航空这个航班号，,查询航班动态,11,咨询银行联名卡业务,查询航班动态
呃退积分，,会员服务其他,28,兑换积分,会员服务其他
我有个航班订单被取消了什么原因，转人工，,人工服务,13,查询航班动态,人工服务
动物托运宠物托运，,办理小动物运输,1,人工服务,办理小动物运输
我已经退票了，票已经退完了，那我这个账户钱他会退到哪里去啊，,查询机票退款进度,6,办理航班退票,查询机票退款进度
"我是那个机票订了是呃,潮汕机场到成都,我买了那个中转,现在,我想改成那个,就是当天的航班改成那个值机,行不行",办理客票改期,2,办理值机选座,办理客票改期
"给我转一下,特殊,不正常航班,特殊服务",办理客票改期,2,人工服务,办理客票改期
我想查询一下今天从上海浦东机场飞往长沙去程的航班信息，,查询航班动态,11,查询航班动态或预订客票,查询航班动态
我要订飞往美国的机票6月23号左右，,预订客票或兑换积分,21,预订客票,预订客票或兑换积分
我想致电一下，巴中恩阳机场，,查询机场或营业部信息,24,查询航班动态或预订客票,查询机场或营业部信息
你好我想请问一下我二号买的那个机票然后，南昌到景迈的，呃南昌到昆明的机票是不是改时间了，十一点五十五分的那个，,查询航班动态,11,验证电子客票,查询航班动态
帮我查询一下国际的机票，,预订客票或兑换积分,21,预订客票或验证电子客票,预订客票或兑换积分
请问我定了曼谷到昆明的回程机票，去曼谷入境的时候需要出示行程单，在哪打印,配送行程单,15,申请及查询电子发票,配送行程单
我怎么样可以知道这个就说是这个票呃这张机票是，团队票还是散客票啊，,办理团队业务,61,验证电子客票,办理团队业务
帮我把机票预订，上呀，,预订客票或兑换积分,21,预订客票,预订客票或兑换积分
请问一下从美国飞往中国的航班有没有开通了没有，,查询航班动态或预订客票,16,预订客票或验证电子客票,查询航班动态或预订客票
喂你好，我的唯一，订的航班取消了我现现在想查一下我的行程，,办理客票改期,2,验证电子客票,办理客票改期
哎麻烦帮我查一下就是六月份有没有，从美国回中国的航班，,查询航班动态或预订客票,16,预订客票,查询航班动态或预订客票
我想查以前购买机票的情况，,验证电子客票,12,预订客票,验证电子客票
不是，买机票，我机票订好了，问问，这个航班恢复了没有，原来南京到达拉斯的，,验证电子客票,12,查询航班动态或预订客票,验证电子客票
嗯我今天的我本来买的8月7号的机票，但是，,验证电子客票,12,查询航班动态或预订客票,验证电子客票
5月27号19点35分昆明飞保山的这个航班，,查询航班动态或预订客票,16,查询航班动态,查询航班动态或预订客票
钱包，健康申明，,申请健康申明,49,咨询东航钱包问题,申请健康申明
嗯你好我看一下那个发的信息就是嗯把那个，李晟，还有墨镜，俊兰，那个机票改成今天的机票改成明天的了对吗？,办理客票改期,2,验证电子客票,办理客票改期
我需要改签，请帮我转人工，,办理客票改期,2,人工服务,办理客票改期
我订的4月22号从天津飞往，扎兰屯，但是，扎兰屯，现在我们，呼伦贝尔，呃，发现新冠病毒，呃，案例特别多，我想取消这个航班，然后呢，退改费，手机有点太贵了，我想申请一下可不可以免费退改，,办理客票改期,2,办理航班退票,办理客票改期
嗯我我想把那个机票能不能改签直飞的，不要在上海经停，因为我们这边社区要求不要在上海经停，如果在上海，经停，回来还要隔离，,办理客票改期,2,咨询新冠肺炎防控要求,办理客票改期
是修改证件需要人工服务，,修改客票或会员信息汇总,29,人工服务,修改客票或会员信息汇总
我想查一下我购买机票的航班号可以乘坐航班吗？,验证电子客票,12,办理客票升舱,验证电子客票
"我7月23号那个温州飞往北京的一趟,这个飞机啊,我那个机票到现在还没有给我那个邮寄到我这里",配送行程单,15,查询行程单邮寄进度,配送行程单
请把我两张的行程电子单，发到我邮箱，我要的是电子，发票，形式，,申请及查询电子发票,40,配送行程单,申请及查询电子发票
嗯修改旅客那个联系修改里程那种联乘机人电话还没修修改旅客那个乘机人姓名，,修改客票姓名,27,修改客票或会员信息汇总,修改客票姓名
你好我想问一下我从我从汕头到珠海的机票没有出票，,验证电子客票,12,预订客票,验证电子客票
我想在威海飞到哈尔滨，你有没有认识你，,查询航班动态或预订客票,16,验证电子客票,查询航班动态或预订客票
喂你好，我们原订的是明天上午8点35分从西安搞从西安咸阳国际机场飞往深圳，嗯，突然收到这个咱这个订单发了一个消息就把我们这个行李取消了航班取消了想问到底是怎么回事，,查询航班动态,11,办理航班退票,查询航班动态
嗯是这样的，二十七号，汕头，然后因为就是现在的预期，然后回丰城，我想问一下就是我买了二十三号到揭阳机场飞的那个行程，怎样，机场还能正常飞吗？,查询航班动态,11,办理航班退票,查询航班动态
啊我要看一下我今天的机票，她好像是婷妃了，我要更改一下，,办理客票改期,2,修改客票姓名,办理客票改期
哎你好我想那个订国际机票，,预订客票或兑换积分,21,预订客票,预订客票或兑换积分
人工服务，我想查这个，我这个卡有没有年费，,人工服务,13,咨询银行联名卡业务,人工服务
你好我买的十四6月14号，深圳t3，到虹桥t1虹桥t1的，为什么现在发信息告诉我，是到虹桥t2呢，,查询航站楼信息,51,办理客票改期,查询航站楼信息
喂你好我们退呃那个退退那个票了没有，我现在还没退掉啊，还有张票没退，,查询机票退款进度,6,办理航班退票,查询机票退款进度
嗯就是这个意思，咱们目前呢已经改签完了在四月份是6月21号从重固国际机场到上海浦东的MU292次航班，三十年，现在又被通知，人家说这个航班也是取消了一球，呃再改签或者是退票，,办理客票改期,2,查询航班动态,办理客票改期
今天有机票可以飞上海吗？,预订客票,4,查询航班动态,预订客票
西安机场是否可以用电子登机牌，,咨询登机牌问题,25,查询机场或营业部信息,咨询登机牌问题
是因为乘机的要求方面要求，,咨询乘机规定,59,咨询新冠肺炎防控要求,咨询乘机规定
我的航班取消了如果改签第二天想问一下航班会不会再出现变动，,办理客票改期,2,查询航班动态,办理客票改期
嗯那个我们这边是MU9562的那个航班是我们不是退票了吗然后现在是什么情况，,办理航班退票,3,查询机票退款进度,办理航班退票
嗯我想查一下6月6号呃下午两点十五，,查询航班动态,11,查询航班动态或预订客票,查询航班动态
我机票已经买了买了明天的机票，我就怕这个，明天的这个飞机票，来来不来，出的去，,验证电子客票,12,查询航班动态,验证电子客票
我现在坐什么航班回重庆呢，,查询航班动态或预订客票,16,验证电子客票,查询航班动态或预订客票
我的这个嗯身份证注册过了吗？,注册会员,35,会员服务其他,注册会员
网站订票咨询，,预订客票或兑换积分,21,预订客票,预订客票或兑换积分
喂你好我是那个在那个东航买的那个到海到牡丹江的机票，它是分两段的，但是我在这个东航的app里边怎么查不到呢，我怎么能查到，我我买这个票了，,办理网站业务,23,验证电子客票,办理网站业务
嗯你好我在刚才在你们那个官网上面订了个机票但是我在我的订单信息里面我查不到这个刚订的，信钢，那个订单请问是怎么回事呢，,办理网站业务,23,验证电子客票,办理网站业务
请问一下东航从美国芝加哥飞上海现在有一个航班情况怎么样，,查询航班动态或预订客票,16,查询航班动态,查询航班动态或预订客票
我需要查询一下我的订单详情，,查询订单,58,验证电子客票,查询订单
我是因为我本来想改签的但是你们后天没有到成都的班航班所以我就把它退掉，,办理客票改期,2,办理航班退票,办理客票改期
身份证买的可以护照登机吗,修改客票证件,44,咨询乘机证件规定,修改客票证件
没有电子行程单吗,申请及查询电子发票,40,配送行程单,申请及查询电子发票
你好那个，美团，我在美团网订的机票我本来是订的九号的机票，他资质给九号，航班取消，他给我改到十号，但是我十号就晚了，他这个，私自给我改，我想改成八号，,办理客票改期,2,办理航班退票,办理客票改期
三六，我订机票，,预订客票或兑换积分,21,预订客票,预订客票或兑换积分
咨询延期，呃延吉停航的原因，,办理客票改期,2,查询航班动态,办理客票改期
您好可以开启发票吗？,申请及查询电子发票,40,配送行程单,申请及查询电子发票
我想查询一下，山呃山东济宁到福州的机票，,预订客票或兑换积分,21,预订客票或验证电子客票,预订客票或兑换积分
你好我想开据一下我的那个飞机票，,配送行程单,15,验证电子客票,配送行程单
我想问一下那个呃，韩国，航班的，,查询航班动态或预订客票,16,查询航班动态,查询航班动态或预订客票
我的机票被取消了我想咨询一下相关信息，,办理客票改期,2,查询航班动态,办理客票改期
九点零五起飞十点零五到达MU五九七幺S舱,查询航班动态,11,预订客票,查询航班动态
查一下，嗯，济南飞长白山机场的行，,查询航班动态或预订客票,16,查询航班动态,查询航班动态或预订客票
乘坐飞机需要什么证明，,咨询乘机证件规定,32,咨询新冠肺炎防控要求,咨询乘机证件规定
我想订从广州到海口的飞机，,预订客票或兑换积分,21,预订客票,预订客票或兑换积分
我要查询4月5号，啡肽，桂林飞太原，MU7482号航班，,查询航班动态,11,预订客票,查询航班动态
不是是资料填写错误可不可以重新填写，,修改客票或会员信息汇总,29,修改会员资料,修改客票或会员信息汇总
遥墙机场，嗯，我咋说，,查询机场或营业部信息,24,查询航班动态或预订客票,查询机场或营业部信息
请问5月20日从底特律飞到东京，,查询航班动态或预订客票,16,查询航班动态,查询航班动态或预订客票
你好查一下，联程机票，湛江到兰州，,预订客票,4,预订客票或兑换积分,预订客票
那我说什么，您好我就是想问一下机票，湖北籍的，为什么会被改，到最后几排去，,办理值机选座,22,办理客票改期,办理值机选座
帮我转一下，国际订票，,预订客票或兑换积分,21,预订客票,预订客票或兑换积分
嗯你好我想请问一下那个行李携带的问题，,咨询托运及非托运行李规定,33,咨询特殊物品运输规定,咨询托运及非托运行李规定
去机场，特殊时期，有什么限制，,咨询新冠肺炎防控要求,0,咨询乘机规定,咨询新冠肺炎防控要求
查询我已购票的航班,验证电子客票,12,查询航班动态,验证电子客票
哎我请问一下那个，免优票，是必须提前一天去换登机牌，还是可以，当时就去，当天去，,咨询登机牌问题,25,办理值机选座,咨询登机牌问题
查看改签改签票的行程，,办理客票改期,2,验证电子客票,办理客票改期
给我转接，会员，客服,会员服务其他,28,人工服务,会员服务其他
"呃我想改一下身份证号,嗯嗯嗯,三十号去啊,好的",修改客票或会员信息汇总,29,修改客票证件,修改客票或会员信息汇总
你好那个我想问一下为什么那个，一个我不认识人，他每次订机票都发到我手机上面，,验证电子客票,12,修改客票联系方式,验证电子客票
我要取消这个航班，,办理客票改期,2,办理航班退票,办理客票改期
我想要修改资料，,修改客票或会员信息汇总,29,修改会员资料,修改客票或会员信息汇总
护照姓名与系统姓名不一致，,修改客票或会员信息汇总,29,修改会员资料,修改客票或会员信息汇总
登机牌怎么办，,咨询登机牌问题,25,办理值机选座,咨询登机牌问题
请问如果我预订了，9月26号的，东航的航班，能不能有资格购买，6月27号的，,办理客票改期,2,预订客票,办理客票改期
我不买机票，我是我，上飞机要不要证明，,咨询新冠肺炎防控要求,0,咨询乘机规定,咨询新冠肺炎防控要求
喂你好我我订的那个机票，我买了九张，然后你发信息给我怎么只发了八条，缺一个小孩的信息啊，,验证电子客票,12,预订客票,验证电子客票
那这个国内票，没有，国内航班，,预订客票,4,查询航班动态或预订客票,预订客票
保险退票，,咨询保险业务,66,办理航班退票,咨询保险业务
航空公司他通知我航班取消了现在要改签的话，说是要先取消值机服务，但是，app上操作不了让打电话跟航空公司联系，,办理客票改期,2,取消值机,办理客票改期
呃帮我转接公务机票,人工服务,13,预订客票,人工服务
啊你好我是想订，中，北京到米兰意大利米兰的国际航班机票，,预订客票或兑换积分,21,预订客票,预订客票或兑换积分
我想确认一下航班，,验证电子客票,12,查询航班动态,验证电子客票
上海虹桥t2到昆明长水的飞机，3月28号，是需要取消掉吗？,查询航班动态,11,办理航班退票,查询航班动态
月经期间上飞机的，需要求，,咨询新冠肺炎防控要求,0,咨询乘机规定,咨询新冠肺炎防控要求
我想问一下就是我现在机票订的是5月23号回来是7月20号嘛然后那个，现在澳大利亚澳大利亚机票，澳大利亚那个他那个现在不是说要停航了嘛，那我，机票是退全款的了应该是，,办理航班退票,3,办理客票改期,办理航班退票
改签取消证明，,办理客票改期,2,配送行程单,办理客票改期
我就是购买的机票，我购买的机票然后呃我机票呢，我订的是早上七点的然后他是，晚，他他信息里面出来的是是晚上十七点的，,验证电子客票,12,办理客票改期,验证电子客票
嗯喂你好我刚刚就是买了十七号的机票然后改成十五号的改签成十五号的然后这个票我又按了退票现在这个票还在吗？,办理航班退票,3,验证电子客票,办理航班退票
我是想咨询一下，如何把，已经确定好的机票改成open的状态,办理客票改期,2,关联客票,办理客票改期
现在可以预订免费的机票吗？,预订客票,4,兑换积分,预订客票
不是，我昨天机票订了，买好了的时候，怎么票还没出，,验证电子客票,12,预订客票,验证电子客票
修改日期，,办理客票改期,2,修改客票或会员信息汇总,办理客票改期
给我造成困惑，你们看怎么办吧，,投诉,50,办理客票改期,投诉
我的意思是查亚月二十七号我不是那个买买个那个成都到乌鲁木齐的机票吗？,验证电子客票,12,预订客票,验证电子客票
在哪里，就是怎么在app上发那个电子机票，然后，电子发票，,申请及查询电子发票,40,配送行程单,申请及查询电子发票
嗯航班取消了然后我申请了退退费然后这个费用什么时候转回给我，,办理航班退票,3,查询机票退款进度,办理航班退票
身份证更改手机号，转人工转人工，,修改客票或会员信息汇总,29,人工服务,修改客票或会员信息汇总
"嗯您好就是我们大人已经就是想带,想办一张,转人工",人工服务,13,预订客票,人工服务
我想咨询一下，MU7203，7月3号还有票吗？,预订客票或兑换积分,21,预订客票,预订客票或兑换积分
买小孩机票，,预订客票,4,人工服务,预订客票
我刚才订了一张机票，我直接点下单，订机票它里面显示的是台胞证身份证号码那个，台胞证，都是我是身份证怎么显示的，台胞证，我要换吗？,修改客票证件,44,修改客票或会员信息汇总,修改客票证件
呃需要预定国际机票咨询相关问题，,预订客票,4,预订客票或兑换积分,预订客票
我要人工，退改签，,人工服务,13,办理客票改期,人工服务
我那个啥，我在北京，三十号订的东方航空，三十号飞上海但是现在听说是呃，飞行，有问题，就是因为北京疫情的问题到底有什么问题，您就是，我打听的，能不能给告诉一下，,咨询新冠肺炎防控要求,0,办理客票改期,咨询新冠肺炎防控要求
呃我的一，一班车，呃是重庆到宁波的然后买的是十一号七点半的票然后它换成十二号了所以我想确认一下，,验证电子客票,12,办理客票改期,验证电子客票
机票退款啊那那个航空你们那个MU9731，那个航班取消了，不是，那个保山到昆明的那个直飞，,办理航班退票,3,办理客票改期,办理航班退票
伦敦飞上海票务情况，八月份，,预订客票或兑换积分,21,预订客票,预订客票或兑换积分
对，你现在赶快拿一下，我要需要上面的编号，你要是看不清的话你直接拍照发给我现在电话没挂呢我在订票，,预订客票或兑换积分,21,预订客票,预订客票或兑换积分
我想修改一下订单上的联系人和电话号码，,修改客票联系方式,52,修改客票或会员信息汇总,修改客票联系方式
首汽促销，,预订度假产品及酒店,76,查询航班动态或预订客票,预订度假产品及酒店
我问一下4月6号，我订了，MU2067，合肥到乌鲁木齐的，,查询航班动态,11,验证电子客票,查询航班动态
"呃你好我昨天订了一张机票,啊,我那个护照号,上面那个一打头的一,你们那个,没有给我打赏,怎么办",修改客票证件,44,修改客票姓名,修改客票证件
套更改绑定手机号码，,修改客票或会员信息汇总,29,修改客票联系方式,修改客票或会员信息汇总
我要查预定的航班，,验证电子客票,12,查询航班动态,验证电子客票
积分记录在app上哪里找,办理网站业务,23,查询积分,办理网站业务
我想咨询关于联程机票的问题，,咨询中转相关问题,5,验证电子客票,咨询中转相关问题
你好问一下我那个25号订的你们那个航空公司的那个机票然后是因为那个二维码，没没没没，信息没填对然后就退票了然后这个还没返钱过来吗？,查询机票退款进度,6,办理航班退票,查询机票退款进度
请问查一下那个飞机票,验证电子客票,12,预订客票或兑换积分,验证电子客票
我要嗯转人工台服务，我要退改票，找谁，,办理客票改期,2,人工服务,办理客票改期
我问一下那个航班是不是5月7号的航班是不是改了，,查询航班动态,11,验证电子客票,查询航班动态
嗯你好我想咨询一下，石改，七月份上海飞温哥华航班的情况，,查询航班动态或预订客票,16,办理客票改期,查询航班动态或预订客票
嗯查询一下七月份从仁川首尔首尔仁川飞往中国上海的机票，,预订客票或兑换积分,21,预订客票或验证电子客票,预订客票或兑换积分
为什么我在携程上订票没有在app上显示？,办理网站业务,23,验证电子客票,办理网站业务
哎请问一下就是那个，哎呀，现在不是那个新那个新关一暑期嘛就是那个，中国一汽，咨询，就是我不晓得这种情况他们从如果从湖北那边过来的话过来到贵阳这边的，嗯因为刚才我咨询了，要独立的话，那我就选择要退票了，这种，退票要不要收取，你要要要要要要要要要要要不要扣费，我问问咨询这个问题，,办理航班退票,3,查询航班动态,办理航班退票
那托运婴儿车你们那边的体积有规定，有多大，,咨询托运及非托运行李规定,33,咨询特殊物品运输规定,咨询托运及非托运行李规定
"那个癫痫病啊,带了那个药,可以吗",咨询特殊物品运输规定,8,办理患病旅客,咨询特殊物品运输规定
哦就是我的意思是想说，今天你们那个呃，服务台那边那个，有客服那边有给我打电话嘛然后跟我讲说是我的机票是买了3月9号的一家到昆明的票然后是时间是那个12点12点到那个两点的嘛然后后来他们就给我打电话说我的那个我的那个时间，他们给我那个推迟了，,办理客票改期,2,验证电子客票,办理客票改期
"我要接通,那个会员",人工服务,13,会员服务其他,人工服务
你好我想查一下青岛到延吉的航班有没有，,查询航班动态或预订客票,16,查询航班动态,查询航班动态或预订客票
我找个客服，查查我的账单，,人工服务,13,咨询银行联名卡业务,人工服务
嗯我想我的航班取消了能不能给我接人工服务，,人工服务,13,办理客票改期,人工服务
我要查，悉尼到国内的，直飞航班，,查询航班动态或预订客票,16,预订客票,查询航班动态或预订客票
报销，可以吗？,申请及查询电子发票,40,配送行程单,申请及查询电子发票
啊是这样我那个订了上海到重庆的机票，现在因为有这种疫情啊，我现在去不了了我想等那个情况，好一点了再去，这样的话我这个机票能不能那个，嗯，能不能给它挂起，,办理客票改期,2,办理航班退票,办理客票改期
问问一下，长沙去盐城，今天的航班有没有，江苏盐城，,查询航班动态或预订客票,16,查询航班动态,查询航班动态或预订客票
近期有没有从韩国首尔飞往中国青岛的机票，,预订客票,4,预订客票或兑换积分,预订客票
没有我你你，我要退票的状态，ｖｖ，,办理航班退票,3,查询机票退款进度,办理航班退票
你好我4月25号呃有一个到上海的呃飞机现在已经取消了呃然后呢，还有，从上海到哈尔滨的飞机，我们是一起买的，这个联票呃，我们现在想退票，,办理航班退票,3,办理客票改期,办理航班退票
你好为什么我的这趟航班没有取消但是同一个航班的已经取消了，,查询航班动态,11,办理客票改期,查询航班动态
我想查询从青岛飞首尔的机票，,预订客票或兑换积分,21,预订客票或验证电子客票,预订客票或兑换积分
喂你好我是这样子的我想换那个之前那个机票的名字写错了我想改签可以吗，把名字换过来，改签，,修改客票姓名,27,办理客票改期,修改客票姓名
我昨天退了一张票，,办理航班退票,3,查询机票退款进度,办理航班退票
"能报销的飞机票,跟谁联系",配送行程单,15,申请及查询电子发票,配送行程单
预约订国际航班的事,预订客票或兑换积分,21,预订客票,预订客票或兑换积分
啊登机联系人嗯填写错误，想换，,修改客票或会员信息汇总,29,修改客票联系方式,修改客票或会员信息汇总
查机票状态，,验证电子客票,12,查询航班动态,验证电子客票
先订了票你帮我转人工，,人工服务,13,预订客票或兑换积分,人工服务
哦，明天的航空取消了然后那个，买了联票了，怎么，怎么会怎么会，怎么取消那个钱包的那个票呢，,办理客票改期,2,咨询东航钱包问题,办理客票改期
嗯再查询一下6月1号的9693航班，,查询航班动态或预订客票,16,查询航班动态,查询航班动态或预订客票
行李存起，,咨询托运及非托运行李规定,33,查询遗失物品,咨询托运及非托运行李规定
行李箱上可以套保护套吗？,咨询托运及非托运行李规定,33,咨询特殊物品运输规定,咨询托运及非托运行李规定
嗯这个电话的，这个是看久了，这个我知道，我不知道我不想管你反正你反正你我，我想问一下我想问一下，嗯嗯，我想我想我想问一下我的我的机票，退票退票手续，,办理航班退票,3,否定,办理航班退票
改电话号码那个，这个不是新换的是吧，嗯那个换了，没事，我这边，,修改客票或会员信息汇总,29,修改客票联系方式,修改客票或会员信息汇总
那我想订那个7月2号从宜昌到上海的飞机票，,预订客票或兑换积分,21,预订客票,预订客票或兑换积分
我想那个怎么在那个app上怎么查后后补购票，,办理网站业务,23,咨询候补登机,办理网站业务
飞猪上说这个航班被取消了，,查询航班动态,11,办理客票改期,查询航班动态
积分积分商城支付密码忘了，,查询积分商城,65,修改会员密码,查询积分商城
我是一月三十号申请的退票，,办理航班退票,3,查询机票退款进度,办理航班退票
网上办理登机牌,办理值机选座,22,咨询登机牌问题,办理值机选座
高陵，延机的，,办理客票改期,2,办理高龄老人,办理客票改期
"嗯麻烦你帮我查询一下那个,张掖的那个飞机",验证电子客票,12,查询航班动态或预订客票,验证电子客票
积分兑换支付没办法填电话号码,办理网站业务,23,兑换积分,办理网站业务
嗯我想兑换，交通卡我2931积分能换多少钱的，,兑换积分,41,查询积分商城,兑换积分
嗯帮我转那个退票，人工服务，,办理航班退票,3,人工服务,办理航班退票
看一下是否已值机了,办理值机选座,22,验证电子客票,办理值机选座
更换乘机信息，,修改客票或会员信息汇总,29,修改客票证件,修改客票或会员信息汇总
达令老人，为什么不能，买机票，,办理高龄老人,7,预订客票,办理高龄老人
申请白金卡会员，,查询会员升级或保级,70,注册会员,查询会员升级或保级
帮我查一下购票的记录，,验证电子客票,12,预订客票,验证电子客票
我想问一下七月上旬从多伦多飞上海的航班有没有票，,预订客票或兑换积分,21,预订客票,预订客票或兑换积分
喂你好我想问一下就是那个，我儿子，常宇航在你们东方航空，嗯嗯，2020年6月14号改签那张机票是否改签成功，,办理客票改期,2,验证电子客票,办理客票改期
那个背包，需要什么规则才能背上其他的，飞机上飞机，,咨询托运及非托运行李规定,33,咨询特殊物品运输规定,咨询托运及非托运行李规定
不是，我要人工服务咨询国际机票的事情，,人工服务,13,预订客票,人工服务
嗯订零十四日由郑州飞往乌鲁木齐然后说是取消了航班，,办理客票改期,2,查询航班动态,办理客票改期
你好，呃在东方航空app上呃购买机票显示候补购票是什么意思，,预订客票,4,咨询候补登机,预订客票
你好我的是经济舱我想四号的票退改，嗯能退多少钱，,办理航班退票,3,办理客票改期,办理航班退票
嗯能人工帮我修改吗？,人工服务,13,修改客票或会员信息汇总,人工服务
退改，北京，非要接人工台，,人工服务,13,办理客票改期,人工服务
有首尔回国的机票嘛，,查询航班动态或预订客票,16,预订客票,查询航班动态或预订客票
一百毫升的香水可以携带上机吗？,咨询特殊物品运输规定,8,查询航班动态,咨询特殊物品运输规定
哎你好那个我退退的时候那个上面老显示银行卡信息,办理航班退票,3,办理网站业务,办理航班退票
请帮我接人工服务我有那个订儿童票的，,人工服务,13,预订客票,人工服务
我想咨询，东航钱包功能，,咨询东航钱包问题,71,查询积分,咨询东航钱包问题
2021年1月1日大连周水子飞往武汉天河，MU2518航班取消，,查询航班动态,11,办理客票改期,查询航班动态
嗯我想需要，会员会员会员，人工服务，,人工服务,13,会员服务其他,人工服务
想确认飞机是否变更时间，,查询航班动态,11,验证电子客票,查询航班动态
诶我查一下那个里程积分，嗯，兑换的明细是什么情况，,查询积分,62,兑换积分,查询积分
我想查一下六月份有没有从大连飞福冈的机票，,预订客票,4,预订客票或兑换积分,预订客票
改签机票，转人工台，,办理客票改期,2,人工服务,办理客票改期
国内退到银行卡上，,咨询银行联名卡业务,38,办理航班退票,咨询银行联名卡业务
纽约，可以转机到奥克兰回国吗？,查询航班动态或预订客票,16,咨询中转相关问题,查询航班动态或预订客票
请问机票退票大概多长时间能退款，,查询机票退款进度,6,办理航班退票,查询机票退款进度
"嗯,您好我想用积分兑换兑换一部手机",兑换积分,41,查询积分商城,兑换积分
你好我订了二十6月26号的机票，他怎么说，上她说已经给我退退票了是什么意思啊，他说航班取消了，,办理航班退票,3,办理客票改期,办理航班退票
嗯，银卡积分到期问题，,咨询积分过期问题,53,查询积分,咨询积分过期问题
你好我预定了二十号从张家界飞往上海浦东机场，由于你们航班嗯取消然后你能帮我改成了21号刚才又接到你们的短信通知说这个航班又取消了所以我现在要申请退票，,办理航班退票,3,查询航班动态,办理航班退票
退款未通过审核，,办理航班退票,3,查询机票退款进度,办理航班退票
航空取消退票的款什么时候到，,查询机票退款进度,6,办理航班退票,查询机票退款进度
嗯我想问一下就是咱们这个不是东航嘛然后我有一个五百毫升的，就是清洗液，就是，内衣清洗液，我寻思他就放在行李箱上，对，放在行李箱里头，能托运吗？,咨询托运及非托运行李规定,33,咨询特殊物品运输规定,咨询托运及非托运行李规定
巨龙，里程积分，,补登积分,39,会员服务其他,补登积分
我查一下我更改的航线的那个时间，,办理客票改期,2,验证电子客票,办理客票改期
嗯但是呢我在我买买这个东方航空，去，退票的钱怎么还没退完呢，,办理航班退票,3,查询机票退款进度,办理航班退票
我儿子找不着登机口了，,咨询登机口问题,56,查询航站楼信息,咨询登机口问题
请问一下我以前买这个生人家的身份证号码现在我的身份证带带来了他说已经，换成我的身份证号码，我在柜台上面取不到票啊，你能不能在那里给我转过来啊，,修改客票证件,44,咨询乘机证件规定,修改客票证件
嗯你好你帮我查一下因为我之前在十3月10号，已经购买那个从呃从西双版纳到深圳的机票是取消了的，贝，一起又一起吗，期间有一期就取消了，票呃怎么现在还没到款呢，那个退款钱怎么还没到呢，,查询机票退款进度,6,办理航班退票,查询机票退款进度
我要查一下我的机票退没退，,办理航班退票,3,查询机票退款进度,办理航班退票
帮我转一下嗯，会员中心，,会员服务其他,28,人工服务,会员服务其他
想查一下小朋友订机票,预订客票或兑换积分,21,预订客票,预订客票或兑换积分
那你退票有没有补偿因为我明天走不了,投诉,50,办理航班退票,投诉
是的改签的行程单的那个费用，他怎么说，,配送行程单,15,办理客票改期,配送行程单
请问那个国际航班，咱们有往底特律，去的航班吗？,查询航班动态或预订客票,16,预订客票,查询航班动态或预订客票
嗯就是我那个机票呃，就现在，现在时间，那个飞机已经起飞了我没赶到时间我改一下签那个行程单，,办理客票改期,2,配送行程单,办理客票改期
你不要那么多废话，你给我找，会员，,人工服务,13,会员服务其他,人工服务
有氧服务,特殊服务汇总,85,办理小动物运输,特殊服务汇总
呃我现在能不能这个预定6月15号的机票，从英国飞回中国，,预订客票或兑换积分,21,预订客票,预订客票或兑换积分
嗯这边的话是修改个人的登登机信息，,修改客票或会员信息汇总,29,修改客票证件,修改客票或会员信息汇总
嗯我想查一下我订的那个那个机票已经被取消了我想确定一下，他给我改的，航班是哪个航班，你帮我转一下人工服务吧，,办理客票改期,2,人工服务,办理客票改期
我查询我的订单机票，嗯，,查询订单,58,验证电子客票,查询订单
查询预订国际航班机票，,预订客票或兑换积分,21,预订客票,预订客票或兑换积分
普通行程单,申请及查询电子发票,40,配送行程单,申请及查询电子发票
请问现在还有机票能预订上吗,预订客票或兑换积分,21,预订客票,预订客票或兑换积分
帮我查一下25号那个十一点的兰州到敦煌的航班，,查询航班动态,11,查询航班动态或预订客票,查询航班动态
我资料填改错误需要二次退款申请，,办理航班退票,3,修改客票或会员信息汇总,办理航班退票
嗯帮我查一下什么时候有飞机飞胡志明啊,查询航班动态或预订客票,16,验证电子客票,查询航班动态或预订客票
"您好,取消航班",办理客票改期,2,办理航班退票,办理客票改期
我要确定航班，,验证电子客票,12,查询航班动态,验证电子客票
我想查询一下机票的相关事宜，,验证电子客票,12,预订客票或兑换积分,验证电子客票
明天早上6点25分的那一趟航班是不是改时间了呀，,查询航班动态,11,办理客票改期,查询航班动态
"7月31号的申请邮寄行程单,被退款,要投诉",投诉,50,申请及查询电子发票,投诉
我要改证件号码，手机手机手机手机，号号号，,修改客票或会员信息汇总,29,修改客票联系方式,修改客票或会员信息汇总
持军残证可否在东航官网订购优惠票？,预订客票,4,办理网站业务,预订客票
请确认，7月13号的航班，,验证电子客票,12,查询航班动态,验证电子客票
嗯你好请帮我查询一下这个近期由纽约肯尼迪机场到呃上海的机票，,查询航班动态或预订客票,16,预订客票或兑换积分,查询航班动态或预订客票
确认订单，发给我，,验证电子客票,12,查询订单,验证电子客票
"呃我要查一下,6月11号,上海浦东机场飞洛杉矶,在机场办理的,升舱业务的,1万元的发票",配送行程单,15,申请及查询电子发票,配送行程单
昨天收到短信说那个航班取消了我想咨询一下，,查询航班动态,11,办理客票改期,查询航班动态
我查询一下我的航空是不是被改签了，,办理客票改期,2,验证电子客票,办理客票改期
呃你好我买了就是买那个前段时间买了个机票，我，我也想现在呃，想找弄过，报销凭证，能不能帮我整一个，电子发票啥的，,申请及查询电子发票,40,配送行程单,申请及查询电子发票
你好帮我查一下从呃哈尔滨到中川机场中转上海的航班有，还有没有，,查询航班动态或预订客票,16,咨询中转相关问题,查询航班动态或预订客票
确定一下明天早上我的航程，是不是准备了，,查询航班动态,11,验证电子客票,查询航班动态
我想查询一下，最近马尼拉有没有到国内的，到中国的机票，,预订客票或兑换积分,21,预订客票,预订客票或兑换积分
就是退票了他没有显示退票，还是原来那个，已出票，,验证电子客票,12,办理航班退票,验证电子客票
诶是这样的我刚刚在飞猪上面然后订了两张票，由于是四个人的，因为就是说我订购的时候没有买保险，然后我进去订第二张的时候嗯他是我重复购票帮我把前面一张退了，但是现在我还是进不去，是怎么样处理，,办理航班退票,3,咨询保险业务,办理航班退票
帮我查看一下，昆明到普洱，我也改签了航班信息，,办理客票改期,2,验证电子客票,办理客票改期
我想订预订一张十二月十六号银川到北京的飞机票，,预订客票,4,预订客票或兑换积分,预订客票
请转国际订票，,预订客票或兑换积分,21,预订客票,预订客票或兑换积分
咨询一下我退票的，目前情况，,办理航班退票,3,查询机票退款进度,办理航班退票
我要换个登机牌,办理值机选座,22,咨询登机牌问题,办理值机选座
嗯就是我那个三十一号给您申请的那个行李问题然后到现在还没有结果，,查询遗失物品,34,咨询托运及非托运行李规定,查询遗失物品
请问那个嗯就是刚才点了那个改签的那个机票还没有支付，现在可以退票吗？,办理客票改期,2,办理航班退票,办理客票改期
你你好我我那我把那个身份证号码发到你们这个航空公司邮箱里面去了，已经发了，,修改客票或会员信息汇总,29,咨询乘机证件规定,修改客票或会员信息汇总
"嗯您好我想问一下您那个,我们明天不是去买的那个东方航空的那个机票但是我现在临时找不到身份证那个那个户口本,然后我就买的那个,孩子,一个是儿童票一个婴儿票的那个那个票,天早上口本上,目前如何登机呢",咨询乘机证件规定,32,申请航班延误取消证明,咨询乘机证件规定
航班取消如何，,办理客票改期,2,查询航班动态,办理客票改期
我原来买的11月10号哈尔滨到青岛的航班，6点25分，MU，9952，是不是取消了，已经给我改了，MU5518的航班，,办理客票改期,2,验证电子客票,办理客票改期
我今天下午问了一个事，你给我发个短信，我订了4月17号，MU，1919617，这个航班取消了，我看，下午他又给我发个短信说是给我，,办理客票改期,2,查询航班动态,办理客票改期
因为我是我不是小朋友的信息然后陪同的大人怎么会退，,办理航班退票,3,办理无成人陪伴儿童,办理航班退票
那个我是帮别人买的机票，我到时候，机票直接凭身份证去那里去去机场取票就行了是不是，,咨询乘机证件规定,32,办理值机选座,咨询乘机证件规定
嗯我想问一下就是呃5月18号有一个西安飞西宁的已经值机了我现在想退，在哪里可以退，网上可以退吗？,取消值机,36,办理航班退票,取消值机
我想里程兑换给其他人怎么办？,咨询受益人问题,67,兑换积分,咨询受益人问题
我想确认一下呃新加坡二十号飞上海的直飞航班是否已经改是改航班时间，,查询航班动态,11,查询航班动态或预订客票,查询航班动态
我想问一下，一月十六号，飞往晋江，为什么能订大人的儿童不可订呢，,预订客票或兑换积分,21,预订客票,预订客票或兑换积分
我就在那个，从东航到西安的，这个退票这个票款，,办理航班退票,3,查询机票退款进度,办理航班退票
"嗯我想帮我朋友写一下那个座位,我知道她的身份证号和手机号",办理值机选座,22,验证电子客票,办理值机选座
我需要开个航班延误证明,申请航班延误取消证明,77,申请及查询电子发票,申请航班延误取消证明
呃我那个电子呃那个里程单怎么打印啊我现在在机场,查询机场或营业部信息,24,配送行程单,查询机场或营业部信息
我那个退票了退款还没到是怎么回事，,查询机票退款进度,6,办理航班退票,查询机票退款进度
我是在你们那个那个东方航空上办了个会员登记表，但是她后来寄了个上海银行的信用卡给我，我想请你们帮忙取消怎么来办理，,咨询银行联名卡业务,38,办理航班退票,咨询银行联名卡业务
现在就是呃悉尼到上海的航班有没有啊，每周，,查询航班动态或预订客票,16,预订客票,查询航班动态或预订客票
嗯你好小姐我想要问询问一下就是说我们现在人在国外，先回中国然后从中国再回泰国买，这个来回机票，现在不知道可不可以，因为我们是这个在泰国的，只是进去养老，车留在这边，那么所以呢，我们签证，什么都有的，想问一下，,咨询签证相关问题,30,预订客票,咨询签证相关问题
可以带蜂蜜吗？,咨询特殊物品运输规定,8,注册会员,咨询特殊物品运输规定
你好，问一下，7月2广州到义乌的机票电子客票怎么申请不成功？,申请及查询电子发票,40,预订客票,申请及查询电子发票
我就问一下我原本订在二8月18号腾冲飞往昆明的航班，为什么，改到芒市飞往昆明的，,办理客票改期,2,查询航班动态,办理客票改期
国际航班退票程序，转接人工服务，,办理航班退票,3,人工服务,办理航班退票
我要更改我的证件信息，,修改客票或会员信息汇总,29,修改客票联系方式,修改客票或会员信息汇总
呃那个叫什么呃就是前两天买的机票怎么突然取消了是什么情况啊，,查询航班动态,11,办理客票改期,查询航班动态
我想问问为什么把航班取消了我这早就订了机票，,办理客票改期,2,查询航班动态,办理客票改期
一月二十九号，上，东方航空去上海到菲律宾的航班还正常吗？,查询航班动态,11,查询航班动态或预订客票,查询航班动态
请给我转到国际票务订订票，,预订客票或兑换积分,21,预订客票,预订客票或兑换积分
嗯我是，嗯，一月十一号订的一张杭州飞香港的机票是十三点五十五那班，然后我朋友跟我是一班，但是刚才给他打电话说这班航班取消了然后我想问一下我是那我是可以退票吗？,办理航班退票,3,办理客票改期,办理航班退票
修改常用卡信息，,修改客票或会员信息汇总,29,修改会员资料,修改客票或会员信息汇总
我想问一下5月22日从伦敦飞往南京的飞机票有没有，赵思淼，,预订客票,4,验证电子客票,预订客票
机票订单查询，啊，,查询订单,58,验证电子客票,查询订单
我查一下刚才我收到一个短信说那个航班取消了，,办理客票改期,2,查询航班动态,办理客票改期
咨询预订机票，,预订客票或兑换积分,21,预订客票,预订客票或兑换积分
呃请问在乌鲁木齐机场在哪个航站楼，打印东航的行程单，,查询机场或营业部信息,24,查询航站楼信息,查询机场或营业部信息
"行李托运,退订",咨询托运及非托运行李规定,33,办理航班退票,咨询托运及非托运行李规定
十五号以后从台湾桃园机场到南京方向的，飞机停运了吗？,查询航班动态,11,查询航班动态或预订客票,查询航班动态
我想咨询一下从西宁飞南京航班的信息，,查询航班动态或预订客票,16,验证电子客票,查询航班动态或预订客票
国际机票预订咨询，,预订客票或兑换积分,21,预订客票,预订客票或兑换积分
我明天23号从哈尔滨飞往昆明的机票就是取消了，,办理客票改期,2,查询航班动态,办理客票改期
咨询改退退票，,办理航班退票,3,办理客票改期,办理航班退票
我要取消选座,取消值机,36,办理值机选座,取消值机
每日签到入口在哪里,办理网站业务,23,咨询签证相关问题,办理网站业务
我这个退票怎么显示的退款，54呀，我这是退31号的票，1月31号，,办理航班退票,3,查询机票退款进度,办理航班退票
昨晚出机场用的手推车，准备上车发现轮子不见一个 找客户你们下班了 今天下班才你们,投诉,50,查询遗失物品,投诉
那我用啥，退行李额度，,咨询托运及非托运行李规定,33,办理航班退票,咨询托运及非托运行李规定
帮我查询六月份伦敦飞国内的机票，,预订客票或兑换积分,21,预订客票或验证电子客票,预订客票或兑换积分
我想确认那个保护航班的座位，,办理值机选座,22,办理客票改期,办理值机选座
请问一下那个，有没有阳光道，广州飞阳光到昆明的飞机，本月四月份，,查询航班动态或预订客票,16,预订客票,查询航班动态或预订客票
我问一下，4月3号的，呃这一班MU9250，是不是改班，,查询航班动态,11,办理客票改期,查询航班动态
您好为什么每一次买的机票都不能积分,查询积分累积标准,78,补登积分,查询积分累积标准
啊，我有个同事，那个有一个机票然后呢，三点二十的，两点半到机场能不能误机那个登机牌怎么打怎么打，,办理值机选座,22,咨询登机牌问题,办理值机选座
"您好我在咱们网上订的机票,但是我现在在外边生病了,想问怎么办",办理客票改期,2,办理患病旅客,办理客票改期
你好我这个是4月6号，今天，那个延吉飞那个虹桥的票怎么取消了，也没有跟我说呀，,办理客票改期,2,查询航班动态,办理客票改期
"哎您好我现在有问题,把字改一下,你看能不能帮我转到人工柜台",人工服务,13,修改客票或会员信息汇总,人工服务
"哦我想请你帮我改一下名字我的那个杨冬梅的冬的冬字是呃,就是错了的,网上买,正确的应该是,东西的东",修改客票姓名,27,修改客票或会员信息汇总,修改客票姓名
嗯嗯，我是七月订的7月7号哦从那个11点55从那个扭扭呃美国的纽瓦克飞那个北京首都的，嗯是，订单号呢是要24191，15107，我想确定一下这个航班能飞吗？,查询航班动态,11,验证电子客票,查询航班动态
不是的，我的机票是不是改签了，,验证电子客票,12,办理客票改期,验证电子客票
我想问一下如果买的机票是一个是东航的，一个是上杭的，然后中转的时间，我看就一个半小时，那赶趟吗？,咨询乘机时限,31,咨询中转相关问题,咨询乘机时限
查询航班，嗯，别说话了，,查询航班动态,11,查询航班动态或预订客票,查询航班动态
我想问从二月一号从上海浦东到伦敦航班是否正常，,查询航班动态,11,查询航班动态或预订客票,查询航班动态
你帮我查一下，叶一博，4月5号的飞机，,查询航班动态,11,验证电子客票,查询航班动态
app怎么改签，,办理客票改期,2,办理网站业务,办理客票改期
国内机票，确定，,验证电子客票,12,办理值机选座,验证电子客票
最近有没有从加拿大多伦多到国内的航班，,查询航班动态或预订客票,16,预订客票,查询航班动态或预订客票
航班取消了但是已经值机没法申请退票怎么办,取消值机,36,办理航班退票,取消值机
机上预定机票，,预订客票,4,预订客票或兑换积分,预订客票
退票退票时间已经了，讲了，怎么一直没回电，,办理航班退票,3,查询机票退款进度,办理航班退票
黎明到南京的票怎么订不了啊在网上，,预订客票或兑换积分,21,预订客票,预订客票或兑换积分
你好我刚才有一张订单需要修改名字的，我打电话问一下，帮我修改了没有，,修改客票或会员信息汇总,29,修改客票姓名,修改客票或会员信息汇总
三号的机票然后二月三号的话那个，刚，就是因为要提前影响嘛然后，高速公路服务，所以我退票了，三月三号，到现在没有退票成功，,查询机票退款进度,6,办理航班退票,查询机票退款进度
你们通知我，积分可以兑换，我今天花了两个小时时间，登录你们的商城，始终没有能够，嗯兑换成功显示是，要不就系统忙，一步就跨不过去不知道为什么？,兑换积分,41,查询积分商城,兑换积分
航班取消的信息请给我转人工，,人工服务,13,查询航班动态,人工服务
嗯我是会员银卡会员，我要有事咨询人工服务，,会员服务其他,28,人工服务,会员服务其他
我想更改一下预留的手机号码，,修改客票或会员信息汇总,29,修改客票联系方式,修改客票或会员信息汇总
修，如何修改app，预留的电话，,修改会员资料,14,修改客票或会员信息汇总,修改会员资料
查一下伦敦飞上海的机票，,预订客票或兑换积分,21,预订客票或验证电子客票,预订客票或兑换积分
我要查的是，西安到和田的飞机，4月8号的，,查询航班动态,11,查询航班动态或预订客票,查询航班动态
你好呃我想改一下改改一下票啊，,办理客票改期,2,修改客票或会员信息汇总,办理客票改期
额外公斤数，,办理网站业务,23,咨询托运及非托运行李规定,办理网站业务
帮我查一个发票，,配送行程单,15,申请及查询电子发票,配送行程单
为什么没有给我退款，,办理航班退票,3,查询机票退款进度,办理航班退票
嗯你给我查一下我的一个订单吧,验证电子客票,12,查询订单,验证电子客票
帮我接，网上客服，,人工服务,13,办理网站业务,人工服务
这都是古董，航班查询，,查询航班动态或预订客票,16,查询遗失物品,查询航班动态或预订客票
呃办理机票保留机位,办理值机选座,22,办理客票改期,办理值机选座
登机牌旅客证件信息，,咨询登机牌问题,25,咨询乘机证件规定,咨询登机牌问题
喂你好我想咨询一下就是我2月1号的时候有一个，我2月10号的，那个东方航空的威海到呃上海的那个航班呢，因为你们自己，取消了航班，就是让我办，退票嘛，结果到现在也，呃退款也没有到达我的账户，,查询机票退款进度,6,查询航班动态,查询机票退款进度
需要把发票邮寄过来,申请及查询电子发票,40,配送行程单,申请及查询电子发票
乘机步骤，,咨询乘机证件规定,32,咨询乘机规定,咨询乘机证件规定
"喂你好那个我我我那个是我订的是十九号重庆开往那个往牡丹江飞的这个呃机票已经订完了,是中午11点55的,呃但是这个我票都买完票但是这个微信没发到我这个,短信没来呀",验证电子客票,12,办理值机选座,验证电子客票
身份证丢了怎么坐怎么购买机票，,咨询乘机证件规定,32,预订客票,咨询乘机证件规定
您帮我查一下我买的是银川到嗯北京的这个，二月十号，这个票他说这个航班取消了然后给我改到二月十二号了，问题是我二月十号有事，二月十二号，没事呀给我改的这个，我现在退票退不了退的话只能退一百块钱，我花了六百五呢，怎么弄呢，,办理航班退票,3,办理客票改期,办理航班退票
我想问一下这个4月25号的到咸阳机场，那个是不是，那票改了，,办理客票改期,2,验证电子客票,办理客票改期
我查一下，晚上11点45的飞机飞西安的，从包头飞西安的飞机飞吗？,查询航班动态,11,查询航班动态或预订客票,查询航班动态
啊请问一下我的那个行李托运，拿不到怎么办，,咨询托运及非托运行李规定,33,查询遗失物品,咨询托运及非托运行李规定
呃改订票，,办理客票改期,2,修改客票或会员信息汇总,办理客票改期
我要办理国际机票的预定，,预订客票或兑换积分,21,预订客票,预订客票或兑换积分
哦我想问一下你们那个东方航空五四八三的航班，要不要延时啊，,办理客票改期,2,查询航班动态,办理客票改期
去年十二月，有一张机票，还没有飞，,验证电子客票,12,查询航班动态,验证电子客票
嗯咨询一下，房一的，登机注意事项，,咨询新冠肺炎防控要求,0,咨询乘机规定,咨询新冠肺炎防控要求
"不是那个飞机延误了,我是1点40的",查询航班动态,11,办理客票改期,查询航班动态
嗯查询，法兰克福，上海的经济舱，,预订客票,4,查询机型,预订客票
我想查询我的电子登机牌，,咨询登机牌问题,25,办理值机选座,咨询登机牌问题
嗯我的FM9522航班那个落地的目的地改了，为什么呀，,查询航班动态,11,办理客票改期,查询航班动态
退票费用到账时间，,办理航班退票,3,查询机票退款进度,办理航班退票
在机场怎么打印行程单,申请及查询电子发票,40,查询机场或营业部信息,申请及查询电子发票
就是我一月一十六号买了一张从神农架飞飞往武汉的机票，那么，我在二月二号的时候，因为，武汉雨停了原因然后退退退这张呢这张机票然后到现在的呃那个费用都还没有就是退款费用还没有到账是怎么回事，,查询机票退款进度,6,办理航班退票,查询机票退款进度
呃我想，信用卡关联到我的，东航会员卡，,咨询银行联名卡业务,38,会员服务其他,咨询银行联名卡业务
呃对啊我我这边那个，怎么，航空，我不是订的是返还返还的是十九号的怎么被取消了呢，,查询航班动态,11,办理客票改期,查询航班动态
航班取消，今天能够能否飞，,办理客票改期,2,查询航班动态,办理客票改期
查改机票，,办理客票改期,2,验证电子客票,办理客票改期
呃帮我转接人工服务进行退票改签，,人工服务,13,办理客票改期,人工服务
机票可以开具增值税发票吗,申请及查询电子发票,40,配送行程单,申请及查询电子发票
小孩独自去乘机需要带身份证，,咨询乘机证件规定,32,办理无成人陪伴儿童,咨询乘机证件规定
我想换一下航空公司能不能换呢，,办理客票改期,2,咨询特殊物品运输规定,办理客票改期
办银行卡，我想订一张那个，纽约，十一，我，我想用现金购买国际机票，,咨询银行联名卡业务,38,预订客票,咨询银行联名卡业务
你好我想问一下，自行车托运是怎么收费呢，,咨询特殊物品运输规定,8,咨询托运及非托运行李规定,咨询特殊物品运输规定
呃我们买的那个机票呃，无法提前三小时取票怎么办，,咨询乘机时限,31,办理客票改期,咨询乘机时限
嗯我要查询一下我的机票怎么会关闭了，,验证电子客票,12,办理客票改期,验证电子客票
我想查询多伦多回中国的机票，,预订客票或兑换积分,21,预订客票或验证电子客票,预订客票或兑换积分
我的联系人需要更换一下姓名和手机号码，,修改客票联系方式,52,修改客票或会员信息汇总,修改客票联系方式
还是登机牌，我打电话你，你卡卡给我说一遍，你说我听谁的，,咨询登机牌问题,25,重复,咨询登机牌问题
呃这个航班为什么取消了，我之前订好票，收到短信说是取消了，,办理客票改期,2,查询航班动态,办理客票改期
嗯你好我在我退的那个票怎么到现在了还没退，,查询机票退款进度,6,办理航班退票,查询机票退款进度
您好我想查一下我一月十六号，从涟水回武汉的，ｍｕ二六一八航班，,查询航班动态,11,查询航班动态或预订客票,查询航班动态
登机，形式，更改，,修改客票或会员信息汇总,29,查询航站楼信息,修改客票或会员信息汇总
嗯订飞机票，,预订客票或兑换积分,21,预订客票,预订客票或兑换积分
过了值机时间，还能登机吗？,办理值机选座,22,咨询乘机时限,办理值机选座
买机票，嗯嗯，,预订客票,4,人工服务,预订客票
改改签，人工服务，,办理客票改期,2,人工服务,办理客票改期
你帮我查一下我，一月十三日，有没有订票从西双版纳到昆明的，,验证电子客票,12,预订客票或兑换积分,验证电子客票
您好我想补开那个之前在你们公司订的机票的行程单,配送行程单,15,申请及查询电子发票,配送行程单
嗯改签候补机票，,咨询候补登机,10,办理客票改期,咨询候补登机
登机牌不办，,咨询登机牌问题,25,办理值机选座,咨询登机牌问题
积分不可消费，,咨询积分过期问题,53,会员服务其他,咨询积分过期问题
查询一下cz0252明天的航班信息,验证电子客票,12,查询航班动态,验证电子客票
嗯嗯嗯，这是你么，这张机票嘛，查机票，,验证电子客票,12,预订客票或验证电子客票,验证电子客票
我夫人呢，她是脑梗的恢复期，现在可以走路没问题，走路要走慢一点，这个可以坐飞机吗？,办理轮椅旅客,42,办理患病旅客,办理轮椅旅客
酒店订单不关联,预订度假产品及酒店,76,关联客票,预订度假产品及酒店
就是问一下，现在可以订东方航空的飞机票吗？,预订客票,4,预订客票或兑换积分,预订客票
你好帮我查一下我的，十四号这个十四号，四点半，我会员，修改完了，航班怎么取消了呢，,办理客票改期,2,查询航班动态,办理客票改期
预留座位登机牌失败什么原因，,咨询登机牌问题,25,办理值机选座,咨询登机牌问题
修改会员服务,修改会员资料,14,会员服务其他,修改会员资料
喂你好你想问一下就是那个，我回去不知道怎么就是延迟一天了，改签12月12号的飞机票改成12月19号的飞机票，但是我想把，退票它这个为什么还扣钱呢，,办理航班退票,3,办理客票改期,办理航班退票
"我要转客服,一,确定机票",人工服务,13,验证电子客票,人工服务
呃我想了解一下呃六月份从呃这个北京上海或者是昆明到美国旧金山的机票，,预订客票或兑换积分,21,预订客票,预订客票或兑换积分
没有但是他他说是那个今天那个两点之前退款吧，,查询机票退款进度,6,办理航班退票,查询机票退款进度
这个票号是否提交退票了呢，,办理航班退票,3,查询机票退款进度,办理航班退票
帮我查询一下，南京到柳州的，明天的机票情况，,验证电子客票,12,预订客票或兑换积分,验证电子客票
这航空公司航班，要不要改签，检测报告，,咨询新冠肺炎防控要求,0,办理客票改期,咨询新冠肺炎防控要求
关于延误的事情，,办理客票改期,2,查询航班动态,办理客票改期
修改信息电话号码写错了，,修改客票或会员信息汇总,29,修改客票联系方式,修改客票或会员信息汇总
办理退票，什么时候能把钱打到卡上，,查询机票退款进度,6,办理航班退票,查询机票退款进度
为什么，东方，app上没法免费退票，,办理航班退票,3,办理网站业务,办理航班退票
查询航空有没有起飞，七月份，,查询航班动态或预订客票,16,查询航班动态,查询航班动态或预订客票
退票凭据，,申请及查询电子发票,40,办理航班退票,申请及查询电子发票
我名下有两个，万里行积分查，然后我想把这两张卡卡号合并在一起可以吗？,合并会员卡,91,查询积分,合并会员卡
请给我转人工服务我想咨询，东航在德国法兰克福机场，,人工服务,13,查询机场或营业部信息,人工服务
嗯人工服务人工服务，wifi，yeyeyeye123451，没有，,人工服务,13,申请空中互联业务,人工服务
我想咨询一下票价应该打什么号码,预订客票,4,验证电子客票,预订客票
"您好我今天都2670,除了顶层,我飞到上海的,我看浴缸,上海有台风今天航班能不能证明",查询航班动态,11,申请航班延误取消证明,查询航班动态
他只是过去办个行程单，我的航班又改到后天的，,办理客票改期,2,配送行程单,办理客票改期
不是我改的，购买国际机票购买国际机票购买国际机票，是不是啊，日日的日日啊日日啊，,办理客票改期,2,验证电子客票,办理客票改期
电子行程单怎么查看,申请及查询电子发票,40,配送行程单,申请及查询电子发票
修改机票，,修改客票或会员信息汇总,29,办理客票改期,修改客票或会员信息汇总
你好我原来的那个就是，就是在工行注册的那个手机号啊，我想变更一下手机号，不知怎么办理，,修改会员资料,14,咨询银行联名卡业务,修改会员资料
诶你好我想问一下啊那个我总共是八号买了两趟的一趟是跟齐齐哈尔飞到烟台嗯下午呃四点多的四点四十七的，完了之后，东方航空给我发短信给我，延后到九号了，但是我烟台的那个，没有，延误啊，烟台还是八号出发，这样的话我两趟行程不对我没办法出发呀，,办理客票改期,2,办理航班退票,办理客票改期
转人工我的机票被取消，为什么？人工回答，,人工服务,13,查询航班动态,人工服务
哦我想问一下这个月有，昆明飞曼德勒的机票吗？,预订客票,4,预订客票或兑换积分,预订客票
如果是用现金升呢,办理客票升舱,72,兑换积分,办理客票升舱
我想请问一下，4月20号到5月20号有没有从曼谷飞到昆明的航空，有哪几天的，,查询航班动态或预订客票,16,预订客票,查询航班动态或预订客票
就是我原订的机票需要改签改完之后但是没有给我发信息，,办理客票改期,2,验证电子客票,办理客票改期
我现在要人讲话不要人工我要查4月28号的航班国际航班从浦东到纽约的，,人工服务,13,查询航班动态或预订客票,人工服务
就是我2月7号的飞机票嗯上飞机之之前呃小孩有两张，咳嗽，结果没上飞机然后我就申请退票退票，他说是十五个工作日退给我但是现在他给我回回我的是卖家拒绝退票我想查什么原因，,办理航班退票,3,查询机票退款进度,办理航班退票
你好我想查一下，深圳至南昌的航班，,查询航班动态或预订客票,16,查询航班动态,查询航班动态或预订客票
我想问一下，安检需要多长时间，,咨询安检相关问题,74,咨询乘机时限,咨询安检相关问题
啊您好 啊是 这样就是说我订了你们东航的航班呢有一个短信通知呢他那个时间更改了，啊 我告诉你我的那个航班的信息吧， 那个 我先告诉我身份证号码就行,验证电子客票,12,办理客票改期,验证电子客票
看看我那个退票怎么没给我退，1月23号的飞机票，kn53514航班，,办理航班退票,3,查询机票退款进度,办理航班退票
"嗯,请您给我回答一下,今天的MU896827次航班,收费取消了",查询航班动态,11,办理客票改期,查询航班动态
我要查询今晚的机票，,验证电子客票,12,预订客票或验证电子客票,验证电子客票
我想询问一下我呃预订的九月三十号从杭州飞往青岛的呃晚上九点四十五分的飞机被取消了我想预订一下九月我要预预订一下那个，一月三十一号的飞机票，换成第二天的机票，他的飞机票会不会涨价，价格会，是否有什么变化，,办理客票改期,2,预订客票或兑换积分,办理客票改期
"您好我在那个那个那个那个网上进行那个值机但是我带来个孩子,我发现,值机了以后我的那个航班只有大人的值机成功了,小朋友的,不能值机,我想把我那个座位,给值机的座位给取消掉,然后网上操作,一直说航线航空公司线路忙,然后我没有取消成功",取消值机,36,办理值机选座,取消值机
查询到杭州最早的航班是几点的,查询航班动态或预订客票,16,查询航班动态,查询航班动态或预订客票
嗯我网上注册你们东航的app，我屁有个技术的问题，我想咨询一下，,办理网站业务,23,注册会员,办理网站业务
上海到沈阳的机票，明天的机票，11点03分的，怎么取消了呢，,办理客票改期,2,查询航班动态,办理客票改期
"搜狗,论语的话多少钱",办理轮椅旅客,42,办理小动物运输,办理轮椅旅客
嗯请问那个昆明到普洱的，,查询航班动态或预订客票,16,预订客票,查询航班动态或预订客票
你现在通知我，叫我退，航班航班取消了，,办理客票改期,2,办理航班退票,办理客票改期
我今天晚上八点九点多，昆明昆明飞太原的飞机取消了啊，,办理客票改期,2,查询航班动态,办理客票改期
我要那个取消值机为什么取消不了,取消值机,36,办理值机选座,取消值机
国际航班信息查询，,查询航班动态,11,查询航班动态或预订客票,查询航班动态
修修改机票号码，,修改客票或会员信息汇总,29,办理客票改期,修改客票或会员信息汇总
我想查询一下那个上海到米兰的有没有那个航班了，,查询航班动态或预订客票,16,预订客票,查询航班动态或预订客票
你好 我上次订了12月21号上海浦东-哈密的东航航班 到机场通知我航班取消 我打电话给东航帮我改到浦东-兰州  我到了兰州坐大巴去火车站当天去哈密的火车票已经卖完 后来我在兰州住了一晚 买了第二天去哈密的动车，下午5点多才到，我想问下兰州到哈密这段的大巴火车票住宿费用我找谁报销？,投诉,50,办理客票改期,投诉
国际航班，行遍，,办理客票改期,2,查询航班动态,办理客票改期
我要查一下我的航班号确定的信息，,验证电子客票,12,查询航班动态,验证电子客票
我想查机票改改签，我转人工，,人工服务,13,办理客票改期,人工服务
你好，我把票订反了我想改一下可以吗？,办理客票改期,2,办理航班退票,办理客票改期
每周新加坡至上海的飞机有几班,查询航班动态或预订客票,16,预订客票,查询航班动态或预订客票
5月4号九点的航班有没有更改，,查询航班动态,11,验证电子客票,查询航班动态
我想打印电子行程单,配送行程单,15,申请及查询电子发票,配送行程单
呃就是你们已经帮我转了那个预订机票了，,预订客票,4,预订客票或兑换积分,预订客票
随身携带行李，震动，,咨询托运及非托运行李规定,33,查询航班动态,咨询托运及非托运行李规定
我那个机票它说飞机取消了是怎么回事，,查询航班动态,11,办理客票改期,查询航班动态
我已经订了，MU2320，从深圳宝安到井冈山的机场，2月6号的现在查航班查不到，2月6号，有这趟航班，,验证电子客票,12,查询航班动态,验证电子客票
你好我想请问一下10月14日的航班，上海虹桥机场，13点20分起飞到西安咸阳机场，,查询航班动态,11,查询航班动态或预订客票,查询航班动态
转网络订票部，,预订客票或兑换积分,21,办理网站业务,预订客票或兑换积分
帮我改一下票，是不是，嗯，,办理客票改期,2,修改客票或会员信息汇总,办理客票改期
我是想查询我所订的航班，,验证电子客票,12,查询航班动态,验证电子客票
嗯查询，从武汉到大同的机票,预订客票或兑换积分,21,预订客票或验证电子客票,预订客票或兑换积分
你好我想咨询一下关于那个机票行程单号的问题，,配送行程单,15,查询行程单邮寄进度,配送行程单
不是会员是我这个我这个卡为什么积分，老是冻结呢，在冻结中呢，,会员服务其他,28,查询积分,会员服务其他
嗯，我票买了怎么还没出票，,预订客票,4,验证电子客票,预订客票
我的机票嗯，我们啊，宁波到烟台的那趟飞机是取消了吗，就是，十五号下午的那趟，,查询航班动态,11,查询航班动态或预订客票,查询航班动态
通知我航班取消是什么意思，,查询航班动态,11,办理客票改期,查询航班动态
帮我查一下呃，昨天的，乘客是福州飞往哪里的，,验证电子客票,12,查询航班动态,验证电子客票
下次预订机票，,预订客票,4,预订客票或兑换积分,预订客票
我有一，要随身带，可以吗？,咨询特殊物品运输规定,8,咨询托运及非托运行李规定,咨询特殊物品运输规定
过安检的事项，,咨询安检相关问题,74,咨询乘机规定,咨询安检相关问题
我想查呃到上海的那个呃今天到上海的机票，最早是哪一班，,查询航班动态或预订客票,16,预订客票或兑换积分,查询航班动态或预订客票
你好我是想咨询一下就是国际东方航空公司，飞到洛杉矶的，,查询航班动态,11,查询航班动态或预订客票,查询航班动态
您好我想问一下咱们那个后补购票可以预订多人的吗？,预订客票,4,咨询候补登机,预订客票
我看他这个航班信息那个我订了飞猪上面看不到了，他是没有就是没有取消吧，还是按原计划起飞啊，,验证电子客票,12,查询航班动态,验证电子客票
请问一下我们今天的航呃航班飞三亚的，但是那边需要有核酸检测，我们的航班可以改签吗？,办理客票改期,2,咨询新冠肺炎防控要求,办理客票改期
嗯我问一下那个退票要多久，,办理航班退票,3,查询机票退款进度,办理航班退票
你好我咨询一下，我就问一下，就是刚才在那个就是去哪和我一起买的那个买票的这个就是说明天到兰州到北京的机票我买的这趟航班取消了是不是，,查询航班动态,11,办理客票改期,查询航班动态
"我查询预订,好的一个票的,大编码",预订客票或兑换积分,21,验证电子客票,预订客票或兑换积分
但是我今天收到了一个退款但我不知道是不是，那一天的，我想确定一下，,办理航班退票,3,查询机票退款进度,办理航班退票
啊，我是纽约的，旅行社然后呃，客人是两月二号从上海呃从上海呃到这个，纽约，但是好像外面现在，呃，传送，已经停飞了，嗯已经也看到他们也看到这个信息了，我不知道想核查一下是真的还是假的，,查询航班动态,11,办理客票改期,查询航班动态
添加机票，,预订客票,4,预订客票或兑换积分,预订客票
嗯我想问一下那个我退票申请多少个工作日内审核，,办理航班退票,3,查询机票退款进度,办理航班退票
你让我全额退款给您这边的话我们就设置错误，国际，改期，,办理客票改期,2,办理航班退票,办理客票改期
我机票，为什么一，那个不能用了现在，,办理客票改期,2,验证电子客票,办理客票改期
手机软件，订票，,预订客票或兑换积分,21,预订客票,预订客票或兑换积分
我想找下7月份的机票订单一直没有找到,验证电子客票,12,预订客票,验证电子客票
特殊货物托运，,咨询货运相关问题,47,咨询特殊物品运输规定,咨询货运相关问题
"我是说我们两个,订的那个是8月9号的那个,晚上十一点一个十一点多点就上,机票,你们不给我打电话说是取消了吗,我想问问,取消了怎么整啊",办理客票改期,2,查询航班动态,办理客票改期
呃那个退票退票的那个费用到账时间，,办理航班退票,3,查询机票退款进度,办理航班退票
这个我改签这个这个值机怎么弄啊，,办理值机选座,22,办理客票改期,办理值机选座
你好我那个退票然后退成功没有，,办理航班退票,3,查询机票退款进度,办理航班退票
万里通会员注册不了，转人工客服，,人工服务,13,注册会员,人工服务
我的退退票那个信息为什么还没有，,查询机票退款进度,6,办理航班退票,查询机票退款进度
行程单,配送行程单,15,申请及查询电子发票,配送行程单
我是更改，啥意思，退票，,办理航班退票,3,办理客票改期,办理航班退票
好你好我问一下我们那个从昆明长水到无锡硕放的二月八号的飞机票，你看一下能查的到吗？,验证电子客票,12,查询航班动态或预订客票,验证电子客票
问一下28号有没有飞国内的机票，,预订客票或兑换积分,21,预订客票,预订客票或兑换积分
积分补登成功没有,补登积分,39,查询积分,补登积分
国际机票订购，语音服务，你，,预订客票,4,预订客票或兑换积分,预订客票
查询MU2457航班，,查询航班动态,11,查询航班动态或预订客票,查询航班动态
"我想问一下我那个票,昨天从快乐来到,这个证明,我在研究,我要是我现在买你那个,道的,从郑州到烟台的票已经是可以那个起飞了我现在怎么办",办理客票改期,2,申请航班延误取消证明,办理客票改期
你好我想问一下，现在到北京大兴国际机场，需要什么有效证件吗，在疫情期间，,咨询新冠肺炎防控要求,0,咨询乘机证件规定,咨询新冠肺炎防控要求
我想查一下那个5月18号从芝加哥飞上海的，我的那个航班，名字叫刘涵泽，那个航班订单号是12292439661的这趟航班啊，汗，现在显示是取消了，,办理客票改期,2,查询航班动态,办理客票改期
嗯查询机票状态航班状态，,验证电子客票,12,查询航班动态,验证电子客票
"喂我想问一下那个,今天收到短信,是我明天从大连周水机场的,八点钟啊,飞往那个,日本大阪的航班临时取消,那么得什么时间那个,能够通行呢,喂",查询航班动态,11,办理客票改期,查询航班动态
我要查看我的航班，,查询航班动态,11,验证电子客票,查询航班动态
查询一下，嗯，这个购买的票能不能正常登机，,查询航班动态,11,验证电子客票,查询航班动态
嗯我，上海到香港的机票，需要退票，帮我转接那个，建议与与与什么，有意见，部门，,投诉,50,办理航班退票,投诉
嗯退改签，国内机票，人工服务，,办理客票改期,2,人工服务,办理客票改期
嗯我的那个东方万里行的那个卡，原来办的要你电话号码，现在已经更改，不是那个了，我现在要购买那个，随意，飞飞飞的那个活动但是呢我登录不上去，一个是，密码忘记了，现在要词汇，密码，手机号有，不是现在手机号我收不到验证码，我该怎么办，,修改会员资料,14,会员服务其他,修改会员资料
你好我要查询一下，我明天，航班的日期，那个还有，呃时间，,验证电子客票,12,查询航班动态,验证电子客票
你好我问一下腾冲飞昆明的飞机，这两天还飞吗？,查询航班动态,11,查询航班动态或预订客票,查询航班动态
转投诉人工台，,投诉,50,人工服务,投诉
我现在我订的航班说是改成就是这个航空了，这个时间点了，我我我，不知道，我想咨询一下我订的航班情况，,办理客票改期,2,查询航班动态,办理客票改期
变更客票，,修改客票或会员信息汇总,29,办理客票改期,修改客票或会员信息汇总
我要查询航班改签的结果，,验证电子客票,12,办理客票改期,验证电子客票
在微信，小程序东方航空上选择那个座位，嗯需要那个积分嗯，去哪里弄那个积分怎么买，,兑换积分,41,购买会员积分,兑换积分
问问，航班情况，,查询航班动态,11,查询航班动态或预订客票,查询航班动态
国际机票咨询,预订客票或兑换积分,21,预订客票,预订客票或兑换积分
啊，我想请你帮忙，你是不是有那个呃，英国，回上海的那个直航的那个机票，小孩子，我的女儿，在在那边一，家里有事，早点回来，,办理客票改期,2,预订客票,办理客票改期
呃呃改签名，,修改客票或会员信息汇总,29,修改客票姓名,修改客票或会员信息汇总
我有买的两张机票，是去澳洲的，结果因为一起的原因被取消了，嗯，发起了退票申请，到现在为止，嗯显示就是说在在退款中已经有超过一个多月了还没退到账，,查询机票退款进度,6,办理航班退票,查询机票退款进度
你好那个我那个东航啊就是我的积分可以那个积累吗？,补登积分,39,查询积分累积标准,补登积分
呃你好我问一下我这个就是退票然后他多久能受理完，,查询机票退款进度,6,办理航班退票,查询机票退款进度
"积分,普通",补登积分,39,会员服务其他,补登积分
喂你好我想了解一下，国际航空，购票信息，,验证电子客票,12,预订客票,验证电子客票
我的机票的发票你们帮我寄寄出来了吧,查询行程单邮寄进度,17,配送行程单,查询行程单邮寄进度
你好我想问一下因为我订的那个是早上今天早上8点25的飞机但是我出票是十一点多钟，什么原因造成的，,查询航班动态,11,预订客票,查询航班动态
嗯因为我收到一个信息，信息提示，我订的航班，嗯，有就退票了我不想退，我没有，退票我看这个呢，质量，航班还在吗？,办理航班退票,3,验证电子客票,办理航班退票
你好我想查一下嗯，2002年5月8号，英国伦敦希斯罗机场飞，,查询航班动态或预订客票,16,查询航班动态,查询航班动态或预订客票
嗯你好我是订了一个呃二，三月一号到三月十五号，就是从北往南京的这个飞机但是后来又进行了改签，改到二月二十五号到三月二十五号，这样的一个情况，然后我，呃飞机已经停飞了我需要退票应该怎么怎么处理，因为中间，改签过一次那个中间商说只能到东航退您看怎么办，,办理航班退票,3,办理客票改期,办理航班退票
行李，现在的富美，政策，,咨询托运及非托运行李规定,33,咨询新冠肺炎防控要求,咨询托运及非托运行李规定
我要退款，然后，嗯这个银行卡报一下给你，,办理航班退票,3,咨询银行联名卡业务,办理航班退票
"喂请问这是8月28号上海到四川泸州,是什么时候的",查询航班动态,11,验证电子客票,查询航班动态
你好我刚才订了一张商务舱，我想看一下，扣款情况，扣了没有，,验证电子客票,12,预订客票,验证电子客票
"怎样更改,儿童乘机信息",修改客票证件,44,修改客票姓名,修改客票证件
"喂您好,我已经花了三天的时间,打95530,但是那个,话务员还是接不上,所以我是这样的就是那个,是订了7月30,呃我是7月31号订的,去台湾的,呃机票,但是个人有,8月1号就取消了,所以,我那个签证拿不到,只能,退票,那现在我要怎么处理,麻烦您给我来电话,13967238109",办理航班退票,3,人工服务,办理航班退票
我要人工服务，你好我是想机票改改期，,办理客票改期,2,人工服务,办理客票改期
31号从新加坡到张家界查一下，,查询航班动态或预订客票,16,查询航班动态,查询航班动态或预订客票
我就想查询一下上海飞往贵州兴义的航班改到23号傍晚18点15分的航班是不是取消了，,查询航班动态,11,办理客票改期,查询航班动态
帮我查一下三ｕ八七二五航班，,查询航班动态,11,查询航班动态或预订客票,查询航班动态
我买的机票为什么没有退票成功，,办理航班退票,3,查询机票退款进度,办理航班退票
乘飞机去重庆，,查询航班动态或预订客票,16,查询航班动态,查询航班动态或预订客票
我请问一下我那个买的就是十呃29号十一点多钟的票改掉了是吧，,验证电子客票,12,办理客票改期,验证电子客票
我想问，嗯，上海到温哥华航班是否正正常飞行，我要订四月二十八号，上海到温哥华的单程车，飞机票，,查询航班动态或预订客票,16,查询航班动态,查询航班动态或预订客票
航班的话，我这边想查询一下您，飞这趟是联程航班，然后就是因为这趟是去程然后我，由他，回程是发生了，行遍，然后请问你们行行，是否与他们有什么协议，,办理客票改期,2,查询航班动态,办理客票改期
我是要查我自己的订飞机票的订单没查到，,验证电子客票,12,查询订单,验证电子客票
我想查一下5月10号晚上十一点的那趟航班，,查询航班动态或预订客票,16,查询航班动态,查询航班动态或预订客票
呃出票，,预订客票,4,预订客票或兑换积分,预订客票
你好，为何申请WIFI会显示客票状态不可用,办理网站业务,23,申请空中互联业务,办理网站业务
国外酒店，退票，,预订度假产品及酒店,76,办理航班退票,预订度假产品及酒店
"呃我这个坐了飞机以后这个积分,没有没有,那个,查到你们这个系统,有的,而且在你们这个",补登积分,39,查询积分,补登积分
我要预订鄂尔多斯到海南美兰机场的机票，,预订客票,4,预订客票或兑换积分,预订客票
ｏｋａｙ，好了，,肯定,87,办理网站业务,肯定
"嗯我就是7月6号订的那个航班呢,怎么说,我取消了",查询航班动态,11,办理客票改期,查询航班动态
嗯你好帮我查一下，现在，国际机票有没有从仰光飞到广州的航班,查询航班动态或预订客票,16,预订客票或兑换积分,查询航班动态或预订客票
好请我们这个武汉到杭州的这个机票为什么给我取消了，,查询航班动态,11,办理客票改期,查询航班动态
唉我想问一下我去年有个机票订单，没有用了，今年可以还可以用吗？,验证电子客票,12,办理客票改期,验证电子客票
嗯，国内航班，国内改签，人工服务，,办理客票改期,2,人工服务,办理客票改期
我那个选座，需要积分，然后呢，还需要什么密码，那我记不住密码怎么办，好像就没设，,修改会员密码,26,兑换积分,修改会员密码
不用，改期就是在飞机上的座位号，然后是在其他地方做，两个人改在一起因为带着小孩子不方便，,办理客票改期,2,办理值机选座,办理客票改期
刚才我改签机票，没有成功吗？,验证电子客票,12,办理客票改期,验证电子客票
就是7月13号的机票呃晚上九点的机票是取消了吗？,查询航班动态,11,验证电子客票,查询航班动态
"我们上午10点25的飞机,道炎,延误到现在你们这边的航空公司的负责人没给我们任何一个说法,我们现在走不了,但是我们的时间跟我们怎么办",办理客票改期,2,办理航班退票,办理客票改期
就是东方航空的手机号码就是ａｐｐ然后上面写的那个不是我的手机号码是别人的手机号码但是证件号是我的，,修改会员资料,14,办理网站业务,修改会员资料
我就是这的，的那个，昨天嘛昨天就，的那个5月10号飞往呃呃西安飞往和田的那个，那那吗嘛，中午1点05分的，就是现在那个票怎么没有没有信息啊，,验证电子客票,12,办理客票改期,验证电子客票
嗯你好那个，他，app上开通消费密码重重从哪操作啊，,修改会员密码,26,办理网站业务,修改会员密码
为什么，我11月12号的飞机现在改成10月14号了，,办理客票改期,2,查询航班动态,办理客票改期
报销行程单与一般的有区别吗,申请及查询电子发票,40,配送行程单,申请及查询电子发票
请问近期有没有，从加拿大温哥华飞中国的航班，,查询航班动态或预订客票,16,预订客票,查询航班动态或预订客票
"订机票,叫错了,我订一下机票",预订客票或兑换积分,21,办理客票改期,预订客票或兑换积分
"会员卡,订票",预订客票或兑换积分,21,兑换积分,预订客票或兑换积分
就是以前我们订的是5月4号的机票订的是东方航空公司的，后来他说激情的原因，5月4号那天的飞机票就是就是那个航班取消了现在，我们，改成改成5月5号的飞机票，完了，是他现在5月5号的那个飞机票经济舱经济舱经济舱完了以后我看飞飞，嗯嗯，,办理客票改期,2,查询航班动态,办理客票改期
我要订六月份的机票去泰国的，,预订客票或兑换积分,21,预订客票,预订客票或兑换积分
打印快递费发票，,配送行程单,15,申请及查询电子发票,配送行程单
问一下那个飞机取消了，怎么讲，因为天气原因取消了，十二月十一号的，,查询航班动态,11,办理客票改期,查询航班动态
那个，麻烦帮忙查一下那个MU2467航班的登机口是哪一个登机口啊，,查询航站楼信息,51,咨询登机口问题,查询航站楼信息
我想要查一下航班信息,查询航班动态或预订客票,16,查询航班动态,查询航班动态或预订客票
如何申请机上wifi,申请空中互联业务,46,办理网站业务,申请空中互联业务
"我想请问一下呃,飞机上有婴儿餐吗",申请特殊餐食,55,查询航班餐食,申请特殊餐食
"诶您好我那个我我订了两张机票,结果,结果那个输入输入错了扣了200元,那是输入错了,两个都是,那个红绿灯的,呃那个就是订一个,同种人的,第一个,那怎么办",办理客票改期,2,办理航班退票,办理客票改期
我想问一下她那个买票的，上面写着，,预订客票,4,查询航班动态或预订客票,预订客票
呃名字app下载那个名字，如何修改确认，人人工台吧，,修改客票或会员信息汇总,29,人工服务,修改客票或会员信息汇总
喂你好你给我查一下，巴黎回上海的机票,预订客票或兑换积分,21,预订客票或验证电子客票,预订客票或兑换积分
